-- MySQL dump 10.16  Distrib 10.2.16-MariaDB, for debian-linux-gnu (x86_64)
--
-- Host: localhost    Database: tutshub
-- ------------------------------------------------------
-- Server version	10.2.16-MariaDB-10.2.16+maria~xenial-log

/*!40101 SET @OLD_CHARACTER_SET_CLIENT=@@CHARACTER_SET_CLIENT */;
/*!40101 SET @OLD_CHARACTER_SET_RESULTS=@@CHARACTER_SET_RESULTS */;
/*!40101 SET @OLD_COLLATION_CONNECTION=@@COLLATION_CONNECTION */;
/*!40101 SET NAMES utf8 */;
/*!40103 SET @OLD_TIME_ZONE=@@TIME_ZONE */;
/*!40103 SET TIME_ZONE='+00:00' */;
/*!40014 SET @OLD_UNIQUE_CHECKS=@@UNIQUE_CHECKS, UNIQUE_CHECKS=0 */;
/*!40014 SET @OLD_FOREIGN_KEY_CHECKS=@@FOREIGN_KEY_CHECKS, FOREIGN_KEY_CHECKS=0 */;
/*!40101 SET @OLD_SQL_MODE=@@SQL_MODE, SQL_MODE='NO_AUTO_VALUE_ON_ZERO' */;
/*!40111 SET @OLD_SQL_NOTES=@@SQL_NOTES, SQL_NOTES=0 */;

--
-- Table structure for table `categories`
--

DROP TABLE IF EXISTS `categories`;
/*!40101 SET @saved_cs_client     = @@character_set_client */;
/*!40101 SET character_set_client = utf8 */;
CREATE TABLE `categories` (
  `id` int(10) unsigned NOT NULL AUTO_INCREMENT,
  `parent_id` int(10) unsigned DEFAULT NULL,
  `order` int(11) NOT NULL DEFAULT 1,
  `name` varchar(191) COLLATE utf8mb4_unicode_ci NOT NULL,
  `slug` varchar(191) COLLATE utf8mb4_unicode_ci NOT NULL,
  `created_at` timestamp NULL DEFAULT NULL,
  `updated_at` timestamp NULL DEFAULT NULL,
  PRIMARY KEY (`id`),
  UNIQUE KEY `categories_slug_unique` (`slug`),
  KEY `categories_parent_id_foreign` (`parent_id`),
  CONSTRAINT `categories_parent_id_foreign` FOREIGN KEY (`parent_id`) REFERENCES `categories` (`id`) ON DELETE SET NULL ON UPDATE CASCADE
) ENGINE=InnoDB AUTO_INCREMENT=8 DEFAULT CHARSET=utf8mb4 COLLATE=utf8mb4_unicode_ci;
/*!40101 SET character_set_client = @saved_cs_client */;

--
-- Dumping data for table `categories`
--

LOCK TABLES `categories` WRITE;
/*!40000 ALTER TABLE `categories` DISABLE KEYS */;
INSERT INTO `categories` VALUES (3,NULL,1,'React','react','2018-06-09 20:09:45','2018-06-09 20:09:45'),(4,NULL,1,'Wordpress','wordpress','2018-06-09 20:09:54','2018-06-09 20:09:54'),(5,NULL,1,'Laravel','laravel','2018-06-09 20:10:02','2018-06-09 20:10:02'),(6,NULL,1,'PHP','php','2018-06-09 20:10:21','2018-06-09 20:10:21'),(7,NULL,1,'Javascript','javascript','2018-06-09 20:10:29','2018-06-09 20:10:29');
/*!40000 ALTER TABLE `categories` ENABLE KEYS */;
UNLOCK TABLES;

--
-- Table structure for table `data_rows`
--

DROP TABLE IF EXISTS `data_rows`;
/*!40101 SET @saved_cs_client     = @@character_set_client */;
/*!40101 SET character_set_client = utf8 */;
CREATE TABLE `data_rows` (
  `id` int(10) unsigned NOT NULL AUTO_INCREMENT,
  `data_type_id` int(10) unsigned NOT NULL,
  `field` varchar(191) COLLATE utf8mb4_unicode_ci NOT NULL,
  `type` varchar(191) COLLATE utf8mb4_unicode_ci NOT NULL,
  `display_name` varchar(191) COLLATE utf8mb4_unicode_ci NOT NULL,
  `required` tinyint(1) NOT NULL DEFAULT 0,
  `browse` tinyint(1) NOT NULL DEFAULT 1,
  `read` tinyint(1) NOT NULL DEFAULT 1,
  `edit` tinyint(1) NOT NULL DEFAULT 1,
  `add` tinyint(1) NOT NULL DEFAULT 1,
  `delete` tinyint(1) NOT NULL DEFAULT 1,
  `details` text COLLATE utf8mb4_unicode_ci DEFAULT NULL,
  `order` int(11) NOT NULL DEFAULT 1,
  PRIMARY KEY (`id`),
  KEY `data_rows_data_type_id_foreign` (`data_type_id`),
  CONSTRAINT `data_rows_data_type_id_foreign` FOREIGN KEY (`data_type_id`) REFERENCES `data_types` (`id`) ON DELETE CASCADE ON UPDATE CASCADE
) ENGINE=InnoDB AUTO_INCREMENT=123 DEFAULT CHARSET=utf8mb4 COLLATE=utf8mb4_unicode_ci;
/*!40101 SET character_set_client = @saved_cs_client */;

--
-- Dumping data for table `data_rows`
--

LOCK TABLES `data_rows` WRITE;
/*!40000 ALTER TABLE `data_rows` DISABLE KEYS */;
INSERT INTO `data_rows` VALUES (1,1,'id','number','ID',1,0,0,0,0,0,NULL,1),(2,1,'name','text','Name',1,1,1,1,1,1,NULL,2),(3,1,'email','text','Email',1,1,1,1,1,1,NULL,3),(4,1,'password','password','Password',1,0,0,1,1,0,NULL,4),(5,1,'remember_token','text','Remember Token',0,0,0,0,0,0,NULL,5),(6,1,'created_at','timestamp','Created At',0,1,1,0,0,0,NULL,6),(7,1,'updated_at','timestamp','Updated At',0,0,0,0,0,0,NULL,7),(8,1,'avatar','image','Avatar',0,1,1,1,1,1,NULL,8),(9,1,'user_belongsto_role_relationship','relationship','Role',0,1,1,1,1,0,'{\"model\":\"TCG\\\\Voyager\\\\Models\\\\Role\",\"table\":\"roles\",\"type\":\"belongsTo\",\"column\":\"role_id\",\"key\":\"id\",\"label\":\"display_name\",\"pivot_table\":\"roles\",\"pivot\":\"0\",\"taggable\":\"0\"}',10),(10,1,'user_belongstomany_role_relationship','relationship','Roles',0,1,1,1,1,0,'{\"model\":\"TCG\\\\Voyager\\\\Models\\\\Role\",\"table\":\"roles\",\"type\":\"belongsToMany\",\"column\":\"id\",\"key\":\"id\",\"label\":\"display_name\",\"pivot_table\":\"user_roles\",\"pivot\":\"1\",\"taggable\":\"0\"}',11),(12,1,'settings','hidden','Settings',0,0,0,0,0,0,NULL,15),(13,2,'id','number','ID',1,0,0,0,0,0,'',1),(14,2,'name','text','Name',1,1,1,1,1,1,'',2),(15,2,'created_at','timestamp','Created At',0,0,0,0,0,0,'',3),(16,2,'updated_at','timestamp','Updated At',0,0,0,0,0,0,'',4),(17,3,'id','number','ID',1,0,0,0,0,0,'',1),(18,3,'name','text','Name',1,1,1,1,1,1,'',2),(19,3,'created_at','timestamp','Created At',0,0,0,0,0,0,'',3),(20,3,'updated_at','timestamp','Updated At',0,0,0,0,0,0,'',4),(21,3,'display_name','text','Display Name',1,1,1,1,1,1,'',5),(22,1,'role_id','text','Role',0,1,1,1,1,1,NULL,9),(23,4,'id','number','ID',1,0,0,0,0,0,'',1),(24,4,'parent_id','select_dropdown','Parent',0,0,1,1,1,1,'{\"default\":\"\",\"null\":\"\",\"options\":{\"\":\"-- None --\"},\"relationship\":{\"key\":\"id\",\"label\":\"name\"}}',2),(25,4,'order','text','Order',1,1,1,1,1,1,'{\"default\":1}',3),(26,4,'name','text','Name',1,1,1,1,1,1,'',4),(27,4,'slug','text','Slug',1,1,1,1,1,1,'{\"slugify\":{\"origin\":\"name\"}}',5),(28,4,'created_at','timestamp','Created At',0,0,1,0,0,0,'',6),(29,4,'updated_at','timestamp','Updated At',0,0,0,0,0,0,'',7),(30,5,'id','number','ID',1,0,0,0,0,0,NULL,1),(31,5,'author_id','text','Author',1,0,1,1,0,1,NULL,2),(32,5,'category_id','text','Category',0,0,1,1,1,0,NULL,3),(33,5,'title','text','Title',1,1,1,1,1,1,NULL,4),(34,5,'excerpt','text_area','Excerpt',0,0,1,1,1,1,NULL,5),(35,5,'body','rich_text_box','Body',1,0,1,1,1,1,NULL,6),(36,5,'image','image','Post Image',0,1,1,1,1,1,'{\"resize\":{\"width\":\"1000\",\"height\":\"null\"},\"quality\":\"70%\",\"upsize\":true,\"thumbnails\":[{\"name\":\"large\",\"scale\":\"75%\"},{\"name\":\"medium\",\"scale\":\"50%\"},{\"name\":\"small\",\"scale\":\"25%\"},{\"name\":\"cropped\",\"crop\":{\"width\":\"300\",\"height\":\"250\"}}]}',7),(37,5,'slug','text','Slug',1,0,1,1,1,1,'{\"slugify\":{\"origin\":\"title\",\"forceUpdate\":true},\"validation\":{\"rule\":\"unique:posts,slug\"}}',8),(38,5,'meta_description','text_area','Meta Description',0,0,1,1,1,1,NULL,9),(39,5,'meta_keywords','text_area','Meta Keywords',0,0,1,1,1,1,NULL,10),(40,5,'status','select_dropdown','Status',1,1,1,1,1,1,'{\"default\":\"DRAFT\",\"options\":{\"PUBLISHED\":\"published\",\"DRAFT\":\"draft\",\"PENDING\":\"pending\"}}',11),(41,5,'created_at','timestamp','Created At',0,1,1,0,0,0,NULL,12),(42,5,'updated_at','timestamp','Updated At',0,0,0,0,0,0,NULL,13),(43,5,'seo_title','text','SEO Title',0,1,1,1,1,1,NULL,14),(44,5,'featured','checkbox','Featured',1,1,1,1,1,1,NULL,15),(58,7,'id','number','Id',1,0,0,0,0,0,NULL,1),(59,7,'title','text','Title',1,1,1,1,1,1,NULL,2),(60,7,'slug','text','Slug',1,1,1,1,1,1,'{\"slugify\":{\"origin\":\"title\",\"forceUpdate\":true},\"validation\":{\"rule\":\"unique:pages,slug\"}}',3),(61,7,'header_title','text','Header Title',1,0,1,1,1,1,NULL,4),(62,7,'header_content','text_area','Header Content',0,0,1,1,1,1,NULL,5),(64,7,'meta_title','text','Meta Title',0,0,1,1,1,1,NULL,6),(65,7,'meta_description','text_area','Meta Description',0,0,1,1,1,1,NULL,7),(66,7,'header_background_color','color','Header Background Color',0,0,1,1,1,1,NULL,8),(68,7,'created_at','timestamp','Created At',0,1,1,1,0,1,NULL,12),(69,7,'updated_at','timestamp','Updated At',0,0,0,0,0,0,NULL,11),(70,7,'status','select_dropdown','Status',0,1,1,1,1,1,'{\"default\":\"DRAFT\",\"options\":{\"PUBLISHED\":\"published\",\"DRAFT\":\"draft\",\"PENDING\":\"pending\"}}',10),(71,8,'id','text','Id',1,0,0,0,0,0,NULL,1),(72,8,'title','text','Title',1,1,1,1,1,1,NULL,2),(73,8,'slug','text','Slug',1,1,1,1,1,1,'{\"slugify\":{\"origin\":\"title\",\"forceUpdate\":true},\"validation\":{\"rule\":\"unique:news,slug\"}}',3),(74,8,'content','rich_text_box','Content',0,0,1,1,1,1,NULL,4),(75,8,'meta_title','text','Meta Title',0,0,1,1,1,1,NULL,5),(76,8,'meta_description','rich_text_box','Meta Description',0,0,1,1,1,1,NULL,6),(77,8,'status','select_dropdown','Status',0,1,1,1,1,1,'{\"default\":\"DRAFT\",\"options\":{\"PUBLISHED\":\"published\",\"DRAFT\":\"draft\",\"PENDING\":\"pending\"}}',7),(78,8,'author_id','select_dropdown','Author Id',0,1,1,1,1,1,NULL,9),(79,8,'created_at','timestamp','Created At',0,1,1,1,0,0,NULL,10),(80,8,'updated_at','timestamp','Updated At',0,0,0,0,0,0,NULL,11),(81,8,'news_belongsto_user_relationship','relationship','Authors',0,1,1,1,1,1,'{\"model\":\"App\\\\User\",\"table\":\"users\",\"type\":\"belongsTo\",\"column\":\"author_id\",\"key\":\"id\",\"label\":\"name\",\"pivot_table\":\"categories\",\"pivot\":\"0\",\"taggable\":\"0\"}',13),(82,9,'id','text','Id',1,0,0,0,0,0,NULL,1),(83,9,'title','text','Title',1,1,1,1,1,1,NULL,2),(84,9,'slug','text','Slug',1,1,1,1,1,1,'{\"slugify\":{\"origin\":\"title\",\"forceUpdate\":true},\"validation\":{\"rule\":\"unique:tutorials,slug\"}}',3),(85,9,'overview','rich_text_box','Overview',0,0,1,1,1,1,NULL,4),(86,9,'content','rich_text_box','Content',0,0,1,1,1,1,NULL,6),(87,9,'meta_title','text','Meta Title',0,0,1,1,1,1,NULL,7),(88,9,'meta_description','rich_text_box','Meta Description',0,0,1,1,1,1,NULL,8),(89,9,'status','select_dropdown','Status',0,1,1,1,1,1,'{\"default\":\"DRAFT\",\"options\":{\"PUBLISHED\":\"published\",\"DRAFT\":\"draft\",\"PENDING\":\"pending\"}}',9),(90,9,'author_id','text','Author Id',0,1,1,1,1,1,NULL,11),(91,9,'created_at','timestamp','Created At',0,1,1,1,0,1,NULL,12),(92,9,'updated_at','timestamp','Updated At',0,0,0,0,0,0,NULL,13),(93,9,'total_likes','text','Total Likes',0,1,1,0,0,0,NULL,14),(94,9,'tutorial_belongsto_user_relationship','relationship','Author',0,1,1,1,1,1,'{\"model\":\"App\\\\User\",\"table\":\"users\",\"type\":\"belongsTo\",\"column\":\"author_id\",\"key\":\"id\",\"label\":\"name\",\"pivot_table\":\"categories\",\"pivot\":\"0\",\"taggable\":\"0\"}',16),(95,9,'tutorial_belongstomany_category_relationship','relationship','Categories',0,1,1,1,1,1,'{\"model\":\"App\\\\Category\",\"table\":\"categories\",\"type\":\"belongsToMany\",\"column\":\"id\",\"key\":\"id\",\"label\":\"name\",\"pivot_table\":\"tutorial_category\",\"pivot\":\"1\",\"taggable\":\"0\"}',18),(96,9,'guide_id','text','Guide Id',0,0,1,1,0,0,NULL,15),(97,10,'id','text','Id',1,0,0,0,0,0,NULL,1),(98,10,'name','text','Name',1,1,1,1,1,1,NULL,2),(99,10,'slug','text','Slug',1,1,1,1,1,1,'{\"slugify\":{\"origin\":\"name\",\"forceUpdate\":true},\"validation\":{\"rule\":\"unique:guides,slug\"}}',3),(100,10,'overview','rich_text_box','Overview',0,0,1,1,1,1,NULL,4),(101,10,'created_at','timestamp','Created At',0,1,1,1,0,1,NULL,14),(102,10,'updated_at','timestamp','Updated At',0,0,0,0,0,0,NULL,15),(103,10,'status','select_dropdown','Status',0,1,1,1,1,1,'{\"default\":\"DRAFT\",\"options\":{\"PUBLISHED\":\"published\",\"DRAFT\":\"draft\",\"PENDING\":\"pending\"}}',7),(104,10,'guide_belongstomany_category_relationship','relationship','Categories',0,1,1,1,1,1,'{\"model\":\"App\\\\Category\",\"table\":\"categories\",\"type\":\"belongsToMany\",\"column\":\"id\",\"key\":\"id\",\"label\":\"name\",\"pivot_table\":\"guide_category\",\"pivot\":\"1\",\"taggable\":\"0\"}',9),(105,10,'guide_hasmany_tutorial_relationship','relationship','Associated Tutorials',0,0,1,1,1,1,'{\"model\":\"App\\\\Tutorial\",\"table\":\"tutorials\",\"type\":\"hasMany\",\"column\":\"guide_id\",\"key\":\"id\",\"label\":\"title\",\"pivot_table\":\"categories\",\"pivot\":\"0\",\"taggable\":\"0\"}',5),(106,9,'tutorial_belongsto_guide_relationship','relationship','Guide',0,1,1,1,1,1,'{\"model\":\"App\\\\Guide\",\"table\":\"guides\",\"type\":\"belongsTo\",\"column\":\"guide_id\",\"key\":\"id\",\"label\":\"name\",\"pivot_table\":\"categories\",\"pivot\":\"0\",\"taggable\":\"0\"}',19),(107,10,'meta_title','text','Meta Title',0,0,1,1,1,1,NULL,11),(108,10,'meta_description','rich_text_box','Meta Description',0,0,1,1,1,1,NULL,12),(109,10,'image','image','Image',0,0,1,1,1,1,'{\"resize\":{\"width\":\"1000\",\"height\":\"null\"},\"quality\":\"70%\",\"upsize\":true,\"thumbnails\":[{\"name\":\"large\",\"scale\":\"75%\"},{\"name\":\"medium\",\"scale\":\"50%\"},{\"name\":\"small\",\"scale\":\"25%\"},{\"name\":\"cropped\",\"crop\":{\"width\":\"300\",\"height\":\"250\"}}]}',10),(110,8,'image','image','Image',0,0,1,1,1,1,'{\"resize\":{\"width\":\"1000\",\"height\":\"null\"},\"quality\":\"70%\",\"upsize\":true,\"thumbnails\":[{\"name\":\"large\",\"scale\":\"75%\"},{\"name\":\"medium\",\"scale\":\"50%\"},{\"name\":\"small\",\"scale\":\"25%\"},{\"name\":\"cropped\",\"crop\":{\"width\":\"300\",\"height\":\"250\"}}]}',12),(111,9,'image','image','Image',0,0,1,1,1,1,'{\"resize\":{\"width\":\"1000\",\"height\":\"null\"},\"quality\":\"70%\",\"upsize\":true,\"thumbnails\":[{\"name\":\"large\",\"scale\":\"75%\"},{\"name\":\"medium\",\"scale\":\"50%\"},{\"name\":\"small\",\"scale\":\"25%\"},{\"name\":\"cropped\",\"crop\":{\"width\":\"300\",\"height\":\"250\"}}]}',17),(112,10,'guide_belongsto_user_relationship','relationship','Author',0,1,1,1,1,1,'{\"model\":\"App\\\\User\",\"table\":\"users\",\"type\":\"belongsTo\",\"column\":\"author_id\",\"key\":\"id\",\"label\":\"name\",\"pivot_table\":\"categories\",\"pivot\":\"0\",\"taggable\":\"0\"}',6),(113,10,'author_id','text','Author Id',0,1,1,1,1,1,NULL,13),(114,7,'general_content','rich_text_box','General Content',0,0,1,1,1,1,'{\"description\":\"Optional Content for pages that only content text\"}',9),(115,10,'published_date','timestamp','Published Date',1,0,1,1,1,1,'{\"default\":\"2018-01-01T08:00:00\",\"placeholder\":\"2018-01-01T08:00:00\",\"format\":\"%Y-%m-%d\"}',8),(116,8,'published_date','timestamp','Published Date',0,0,1,1,1,1,'{\"default\":\"2018-01-01T08:00:00\",\"format\":\"%Y-%m-%d\"}',8),(117,9,'published_date','timestamp','Published Date',0,0,1,1,1,1,'{\"default\":\"2018-01-01T08:00:00\",\"placeholder\":\"2018-01-01T08:00:00\"}',10),(118,9,'guide_order','number','Guide Order',0,0,1,1,1,1,NULL,20),(119,9,'excerpt','text_area','Excerpt',0,0,1,1,1,1,NULL,5),(120,1,'is_employee','checkbox','Is Employee',0,1,1,1,1,1,'{\"on\":\"Yes\",\"off\":\"No\",\"checked\":true}',12),(121,1,'title','text','Title',0,1,1,1,1,1,NULL,13),(122,1,'description','rich_text_box','Description',0,0,1,1,1,1,NULL,14);
/*!40000 ALTER TABLE `data_rows` ENABLE KEYS */;
UNLOCK TABLES;

--
-- Table structure for table `data_types`
--

DROP TABLE IF EXISTS `data_types`;
/*!40101 SET @saved_cs_client     = @@character_set_client */;
/*!40101 SET character_set_client = utf8 */;
CREATE TABLE `data_types` (
  `id` int(10) unsigned NOT NULL AUTO_INCREMENT,
  `name` varchar(191) COLLATE utf8mb4_unicode_ci NOT NULL,
  `slug` varchar(191) COLLATE utf8mb4_unicode_ci NOT NULL,
  `display_name_singular` varchar(191) COLLATE utf8mb4_unicode_ci NOT NULL,
  `display_name_plural` varchar(191) COLLATE utf8mb4_unicode_ci NOT NULL,
  `icon` varchar(191) COLLATE utf8mb4_unicode_ci DEFAULT NULL,
  `model_name` varchar(191) COLLATE utf8mb4_unicode_ci DEFAULT NULL,
  `policy_name` varchar(191) COLLATE utf8mb4_unicode_ci DEFAULT NULL,
  `controller` varchar(191) COLLATE utf8mb4_unicode_ci DEFAULT NULL,
  `description` varchar(191) COLLATE utf8mb4_unicode_ci DEFAULT NULL,
  `generate_permissions` tinyint(1) NOT NULL DEFAULT 0,
  `server_side` tinyint(4) NOT NULL DEFAULT 0,
  `details` text COLLATE utf8mb4_unicode_ci DEFAULT NULL,
  `created_at` timestamp NULL DEFAULT NULL,
  `updated_at` timestamp NULL DEFAULT NULL,
  PRIMARY KEY (`id`),
  UNIQUE KEY `data_types_name_unique` (`name`),
  UNIQUE KEY `data_types_slug_unique` (`slug`)
) ENGINE=InnoDB AUTO_INCREMENT=11 DEFAULT CHARSET=utf8mb4 COLLATE=utf8mb4_unicode_ci;
/*!40101 SET character_set_client = @saved_cs_client */;

--
-- Dumping data for table `data_types`
--

LOCK TABLES `data_types` WRITE;
/*!40000 ALTER TABLE `data_types` DISABLE KEYS */;
INSERT INTO `data_types` VALUES (1,'users','users','User','Users','voyager-person','TCG\\Voyager\\Models\\User','TCG\\Voyager\\Policies\\UserPolicy',NULL,NULL,1,0,'{\"order_column\":null,\"order_display_column\":null}','2018-06-05 06:46:24','2018-07-08 14:41:42'),(2,'menus','menus','Menu','Menus','voyager-list','TCG\\Voyager\\Models\\Menu',NULL,'','',1,0,NULL,'2018-06-05 06:46:24','2018-06-05 06:46:24'),(3,'roles','roles','Role','Roles','voyager-lock','TCG\\Voyager\\Models\\Role',NULL,'','',1,0,NULL,'2018-06-05 06:46:24','2018-06-05 06:46:24'),(4,'categories','categories','Category','Categories','voyager-categories','TCG\\Voyager\\Models\\Category',NULL,'','',1,0,NULL,'2018-06-05 06:46:24','2018-06-05 06:46:24'),(5,'posts','posts','Post','Posts','voyager-bookmark','TCG\\Voyager\\Models\\Post','TCG\\Voyager\\Policies\\PostPolicy',NULL,NULL,1,0,'{\"order_column\":null,\"order_display_column\":null}','2018-06-05 06:46:25','2018-06-09 19:59:37'),(7,'pages','pages','Page','Pages','voyager-documentation','App\\Page',NULL,NULL,NULL,1,1,'{\"order_column\":null,\"order_display_column\":null}','2018-06-07 03:57:33','2018-06-09 20:03:49'),(8,'news','news','News','News','voyager-news','App\\News',NULL,NULL,NULL,1,1,'{\"order_column\":null,\"order_display_column\":null}','2018-06-08 05:57:48','2018-06-09 20:03:28'),(9,'tutorials','tutorials','Tutorial','Tutorials','voyager-logbook','App\\Tutorial',NULL,NULL,NULL,1,1,'{\"order_column\":null,\"order_display_column\":null}','2018-06-09 06:31:05','2018-06-09 19:58:16'),(10,'guides','guides','Guide','Guides','voyager-list','App\\Guide',NULL,NULL,'A listed guide of tutorials aimed to teach a specific topic',1,1,'{\"order_column\":null,\"order_display_column\":null}','2018-06-09 19:54:54','2018-06-09 20:03:17');
/*!40000 ALTER TABLE `data_types` ENABLE KEYS */;
UNLOCK TABLES;

--
-- Table structure for table `guide_category`
--

DROP TABLE IF EXISTS `guide_category`;
/*!40101 SET @saved_cs_client     = @@character_set_client */;
/*!40101 SET character_set_client = utf8 */;
CREATE TABLE `guide_category` (
  `guide_id` int(10) unsigned NOT NULL,
  `category_id` int(10) unsigned NOT NULL,
  PRIMARY KEY (`guide_id`)
) ENGINE=InnoDB DEFAULT CHARSET=utf8 COLLATE=utf8_unicode_ci;
/*!40101 SET character_set_client = @saved_cs_client */;

--
-- Dumping data for table `guide_category`
--

LOCK TABLES `guide_category` WRITE;
/*!40000 ALTER TABLE `guide_category` DISABLE KEYS */;
INSERT INTO `guide_category` VALUES (1,3);
/*!40000 ALTER TABLE `guide_category` ENABLE KEYS */;
UNLOCK TABLES;

--
-- Table structure for table `guides`
--

DROP TABLE IF EXISTS `guides`;
/*!40101 SET @saved_cs_client     = @@character_set_client */;
/*!40101 SET character_set_client = utf8 */;
CREATE TABLE `guides` (
  `id` int(10) unsigned NOT NULL AUTO_INCREMENT,
  `name` varchar(191) COLLATE utf8_unicode_ci NOT NULL,
  `slug` varchar(191) COLLATE utf8_unicode_ci NOT NULL,
  `overview` mediumtext COLLATE utf8_unicode_ci DEFAULT NULL,
  `created_at` timestamp NULL DEFAULT NULL,
  `updated_at` timestamp NULL DEFAULT NULL,
  `status` varchar(255) COLLATE utf8_unicode_ci DEFAULT NULL,
  `meta_title` varchar(191) COLLATE utf8_unicode_ci DEFAULT NULL,
  `meta_description` varchar(191) COLLATE utf8_unicode_ci DEFAULT NULL,
  `image` varchar(191) COLLATE utf8_unicode_ci DEFAULT NULL,
  `author_id` int(10) unsigned DEFAULT NULL,
  `published_date` timestamp NOT NULL DEFAULT '2018-01-01 13:00:00',
  PRIMARY KEY (`id`)
) ENGINE=InnoDB AUTO_INCREMENT=2 DEFAULT CHARSET=utf8 COLLATE=utf8_unicode_ci;
/*!40101 SET character_set_client = @saved_cs_client */;

--
-- Dumping data for table `guides`
--

LOCK TABLES `guides` WRITE;
/*!40000 ALTER TABLE `guides` DISABLE KEYS */;
INSERT INTO `guides` VALUES (1,'React for Beginners','react-for-beginners','<p style=\"box-sizing: border-box; margin: 0px 0px 24px; background-image: initial; background-position: initial; background-size: initial; background-repeat: initial; background-attachment: initial; background-origin: initial; background-clip: initial; border: 0px; padding: 0px; vertical-align: baseline; color: #333333; font-family: Georgia, \'Bitstream Charter\', serif; font-size: 16px;\">Bacon ipsum dolor amet ut short ribs capicola eiusmod, do duis ipsum ea tenderloin bresaola hamburger burgdoggen culpa cupidatat. Drumstick officia anim cupidatat commodo swine. Aliquip short loin nisi aliqua salami pariatur. Duis shankle non pork belly jowl bresaola brisket consectetur. Deserunt aliqua boudin cow mollit capicola pork chop et do turkey. Flank sausage anim beef.</p>\r\n<p style=\"box-sizing: border-box; margin: 0px 0px 24px; background-image: initial; background-position: initial; background-size: initial; background-repeat: initial; background-attachment: initial; background-origin: initial; background-clip: initial; border: 0px; padding: 0px; vertical-align: baseline; color: #333333; font-family: Georgia, \'Bitstream Charter\', serif; font-size: 16px;\">Sed picanha in ea kielbasa deserunt non doner reprehenderit ham fugiat dolore ground round ball tip. Filet mignon burgdoggen ribeye, mollit shank pork belly nostrud landjaeger eu ea incididunt minim tri-tip t-bone. Id salami pork belly, labore sirloin nulla consequat jerky pork loin boudin officia tenderloin ipsum. Tongue do enim anim pork chop, boudin occaecat eu aute.</p>\r\n<p style=\"box-sizing: border-box; margin: 0px 0px 24px; background-image: initial; background-position: initial; background-size: initial; background-repeat: initial; background-attachment: initial; background-origin: initial; background-clip: initial; border: 0px; padding: 0px; vertical-align: baseline; color: #333333; font-family: Georgia, \'Bitstream Charter\', serif; font-size: 16px;\">Our Learning Path:</p>\r\n<ol>\r\n<li style=\"box-sizing: border-box; margin: 0px 0px 24px; background-image: initial; background-position: initial; background-size: initial; background-repeat: initial; background-attachment: initial; background-origin: initial; background-clip: initial; border: 0px; padding: 0px; vertical-align: baseline; color: #333333; font-family: Georgia, \'Bitstream Charter\', serif; font-size: 16px;\">Tutorial 1</li>\r\n<li style=\"box-sizing: border-box; margin: 0px 0px 24px; background-image: initial; background-position: initial; background-size: initial; background-repeat: initial; background-attachment: initial; background-origin: initial; background-clip: initial; border: 0px; padding: 0px; vertical-align: baseline; color: #333333; font-family: Georgia, \'Bitstream Charter\', serif; font-size: 16px;\">Tutorial 2</li>\r\n<li style=\"box-sizing: border-box; margin: 0px 0px 24px; background-image: initial; background-position: initial; background-size: initial; background-repeat: initial; background-attachment: initial; background-origin: initial; background-clip: initial; border: 0px; padding: 0px; vertical-align: baseline; color: #333333; font-family: Georgia, \'Bitstream Charter\', serif; font-size: 16px;\">Tutorial 3</li>\r\n</ol>','2018-06-09 20:22:00','2018-06-10 20:57:37','PUBLISHED','React for Beginners',NULL,'guides\\June2018\\DcCCqfjyZU5FrMsQxTVW.png',3,'2018-06-09 20:22:00');
/*!40000 ALTER TABLE `guides` ENABLE KEYS */;
UNLOCK TABLES;

--
-- Table structure for table `menu_items`
--

DROP TABLE IF EXISTS `menu_items`;
/*!40101 SET @saved_cs_client     = @@character_set_client */;
/*!40101 SET character_set_client = utf8 */;
CREATE TABLE `menu_items` (
  `id` int(10) unsigned NOT NULL AUTO_INCREMENT,
  `menu_id` int(10) unsigned DEFAULT NULL,
  `title` varchar(191) COLLATE utf8mb4_unicode_ci NOT NULL,
  `url` varchar(191) COLLATE utf8mb4_unicode_ci NOT NULL,
  `target` varchar(191) COLLATE utf8mb4_unicode_ci NOT NULL DEFAULT '_self',
  `icon_class` varchar(191) COLLATE utf8mb4_unicode_ci DEFAULT NULL,
  `color` varchar(191) COLLATE utf8mb4_unicode_ci DEFAULT NULL,
  `parent_id` int(11) DEFAULT NULL,
  `order` int(11) NOT NULL,
  `created_at` timestamp NULL DEFAULT NULL,
  `updated_at` timestamp NULL DEFAULT NULL,
  `route` varchar(191) COLLATE utf8mb4_unicode_ci DEFAULT NULL,
  `parameters` text COLLATE utf8mb4_unicode_ci DEFAULT NULL,
  PRIMARY KEY (`id`),
  KEY `menu_items_menu_id_foreign` (`menu_id`),
  CONSTRAINT `menu_items_menu_id_foreign` FOREIGN KEY (`menu_id`) REFERENCES `menus` (`id`) ON DELETE CASCADE
) ENGINE=InnoDB AUTO_INCREMENT=26 DEFAULT CHARSET=utf8mb4 COLLATE=utf8mb4_unicode_ci;
/*!40101 SET character_set_client = @saved_cs_client */;

--
-- Dumping data for table `menu_items`
--

LOCK TABLES `menu_items` WRITE;
/*!40000 ALTER TABLE `menu_items` DISABLE KEYS */;
INSERT INTO `menu_items` VALUES (1,1,'Dashboard','','_self','voyager-boat',NULL,NULL,1,'2018-06-05 06:46:24','2018-06-05 06:46:24','voyager.dashboard',NULL),(2,1,'Media','','_self','voyager-images',NULL,NULL,8,'2018-06-05 06:46:24','2018-06-09 19:59:15','voyager.media.index',NULL),(3,1,'Users','','_self','voyager-person',NULL,25,1,'2018-06-05 06:46:24','2018-06-10 21:14:35','voyager.users.index',NULL),(4,1,'Roles','','_self','voyager-lock',NULL,25,2,'2018-06-05 06:46:24','2018-06-10 21:14:39','voyager.roles.index',NULL),(5,1,'Tools','','_self','voyager-tools',NULL,NULL,10,'2018-06-05 06:46:24','2018-06-10 21:14:39',NULL,NULL),(6,1,'Menu Builder','','_self','voyager-list',NULL,5,1,'2018-06-05 06:46:24','2018-06-05 06:52:51','voyager.menus.index',NULL),(7,1,'Database','','_self','voyager-data',NULL,5,2,'2018-06-05 06:46:24','2018-06-05 06:52:51','voyager.database.index',NULL),(8,1,'Compass','','_self','voyager-compass',NULL,5,3,'2018-06-05 06:46:24','2018-06-05 06:52:51','voyager.compass.index',NULL),(9,1,'BREAD','','_self','voyager-bread',NULL,5,4,'2018-06-05 06:46:24','2018-06-05 06:52:51','voyager.bread.index',NULL),(10,1,'Settings','','_self','voyager-settings',NULL,NULL,11,'2018-06-05 06:46:24','2018-06-10 21:14:39','voyager.settings.index',NULL),(11,1,'Categories','','_self','voyager-categories',NULL,NULL,7,'2018-06-05 06:46:24','2018-06-09 19:59:15','voyager.categories.index',NULL),(12,1,'Posts','','_self','voyager-bookmark','#000000',NULL,5,'2018-06-05 06:46:25','2018-06-09 19:59:17','voyager.posts.index','null'),(13,1,'Pages','','_self','voyager-documentation','#000000',NULL,6,'2018-06-05 06:46:25','2018-06-09 19:59:17','voyager.pages.index','null'),(14,1,'Hooks','','_self','voyager-hook',NULL,5,5,'2018-06-05 06:46:25','2018-06-05 06:52:51','voyager.hooks',NULL),(15,2,'Home','','_self',NULL,'#000000',NULL,10,'2018-06-07 05:43:12','2018-06-08 05:40:17',NULL,''),(16,2,'About','about','_self',NULL,'#000000',NULL,11,'2018-06-07 05:43:29','2018-06-07 05:43:29',NULL,''),(17,2,'Guides','guides','_self',NULL,'#000000',NULL,12,'2018-06-07 05:43:42','2018-06-07 05:43:42',NULL,''),(18,2,'Tutorials','tutorials','_self',NULL,'#000000',NULL,13,'2018-06-07 05:43:53','2018-06-07 05:43:53',NULL,''),(19,2,'News','news','_self',NULL,'#000000',NULL,14,'2018-06-07 05:44:01','2018-06-07 05:44:01',NULL,''),(20,1,'News','','_self','voyager-news','#000000',NULL,2,'2018-06-08 05:57:48','2018-06-08 06:01:20','voyager.news.index','null'),(21,1,'Tutorials','','_self','voyager-logbook','#000000',NULL,3,'2018-06-09 06:31:05','2018-06-09 06:32:52','voyager.tutorials.index','null'),(22,1,'Guides','','_self','voyager-list','#000000',NULL,4,'2018-06-09 19:54:54','2018-06-09 20:02:43','voyager.guides.index','null'),(23,3,'Terms of Use','terms-of-use','_self',NULL,'#000000',NULL,15,'2018-06-10 18:26:13','2018-06-10 18:26:13',NULL,''),(24,3,'Privacy Policy','privacy-policy','_self',NULL,'#000000',NULL,16,'2018-06-10 18:26:27','2018-06-10 18:26:27',NULL,''),(25,1,'User Manager','','_self','voyager-person','#000000',NULL,9,'2018-06-10 21:14:28','2018-06-10 21:14:55',NULL,'');
/*!40000 ALTER TABLE `menu_items` ENABLE KEYS */;
UNLOCK TABLES;

--
-- Table structure for table `menus`
--

DROP TABLE IF EXISTS `menus`;
/*!40101 SET @saved_cs_client     = @@character_set_client */;
/*!40101 SET character_set_client = utf8 */;
CREATE TABLE `menus` (
  `id` int(10) unsigned NOT NULL AUTO_INCREMENT,
  `name` varchar(191) COLLATE utf8mb4_unicode_ci NOT NULL,
  `created_at` timestamp NULL DEFAULT NULL,
  `updated_at` timestamp NULL DEFAULT NULL,
  PRIMARY KEY (`id`),
  UNIQUE KEY `menus_name_unique` (`name`)
) ENGINE=InnoDB AUTO_INCREMENT=4 DEFAULT CHARSET=utf8mb4 COLLATE=utf8mb4_unicode_ci;
/*!40101 SET character_set_client = @saved_cs_client */;

--
-- Dumping data for table `menus`
--

LOCK TABLES `menus` WRITE;
/*!40000 ALTER TABLE `menus` DISABLE KEYS */;
INSERT INTO `menus` VALUES (1,'admin','2018-06-05 06:46:24','2018-06-05 06:46:24'),(2,'main','2018-06-07 05:42:37','2018-06-07 05:42:37'),(3,'footer','2018-06-10 18:25:54','2018-06-10 18:25:54');
/*!40000 ALTER TABLE `menus` ENABLE KEYS */;
UNLOCK TABLES;

--
-- Table structure for table `migrations`
--

DROP TABLE IF EXISTS `migrations`;
/*!40101 SET @saved_cs_client     = @@character_set_client */;
/*!40101 SET character_set_client = utf8 */;
CREATE TABLE `migrations` (
  `id` int(10) unsigned NOT NULL AUTO_INCREMENT,
  `migration` varchar(191) COLLATE utf8mb4_unicode_ci NOT NULL,
  `batch` int(11) NOT NULL,
  PRIMARY KEY (`id`)
) ENGINE=InnoDB AUTO_INCREMENT=27 DEFAULT CHARSET=utf8mb4 COLLATE=utf8mb4_unicode_ci;
/*!40101 SET character_set_client = @saved_cs_client */;

--
-- Dumping data for table `migrations`
--

LOCK TABLES `migrations` WRITE;
/*!40000 ALTER TABLE `migrations` DISABLE KEYS */;
INSERT INTO `migrations` VALUES (1,'2014_10_12_000000_create_users_table',1),(2,'2014_10_12_100000_create_password_resets_table',1),(3,'2016_01_01_000000_add_voyager_user_fields',1),(4,'2016_01_01_000000_create_data_types_table',1),(5,'2016_05_19_173453_create_menu_table',1),(6,'2016_10_21_190000_create_roles_table',1),(7,'2016_10_21_190000_create_settings_table',1),(8,'2016_11_30_135954_create_permission_table',1),(9,'2016_11_30_141208_create_permission_role_table',1),(10,'2016_12_26_201236_data_types__add__server_side',1),(11,'2017_01_13_000000_add_route_to_menu_items_table',1),(12,'2017_01_14_005015_create_translations_table',1),(13,'2017_01_15_000000_make_table_name_nullable_in_permissions_table',1),(14,'2017_03_06_000000_add_controller_to_data_types_table',1),(15,'2017_04_21_000000_add_order_to_data_rows_table',1),(16,'2017_07_05_210000_add_policyname_to_data_types_table',1),(17,'2017_08_05_000000_add_group_to_settings_table',1),(18,'2017_11_26_013050_add_user_role_relationship',1),(19,'2017_11_26_015000_create_user_roles_table',1),(20,'2018_03_11_000000_add_user_settings',1),(21,'2018_03_14_000000_add_details_to_data_types_table',1),(22,'2018_03_16_000000_make_settings_value_nullable',1),(23,'2016_01_01_000000_create_pages_table',2),(24,'2016_01_01_000000_create_posts_table',2),(25,'2016_02_15_204651_create_categories_table',2),(26,'2017_04_11_000000_alter_post_nullable_fields_table',2);
/*!40000 ALTER TABLE `migrations` ENABLE KEYS */;
UNLOCK TABLES;

--
-- Table structure for table `news`
--

DROP TABLE IF EXISTS `news`;
/*!40101 SET @saved_cs_client     = @@character_set_client */;
/*!40101 SET character_set_client = utf8 */;
CREATE TABLE `news` (
  `id` int(10) unsigned NOT NULL AUTO_INCREMENT,
  `title` varchar(191) COLLATE utf8_unicode_ci NOT NULL,
  `slug` varchar(191) COLLATE utf8_unicode_ci NOT NULL,
  `content` longtext COLLATE utf8_unicode_ci DEFAULT NULL,
  `meta_title` varchar(191) COLLATE utf8_unicode_ci DEFAULT NULL,
  `meta_description` mediumtext COLLATE utf8_unicode_ci DEFAULT NULL,
  `status` varchar(191) COLLATE utf8_unicode_ci DEFAULT NULL,
  `author_id` int(10) unsigned DEFAULT NULL,
  `created_at` timestamp NULL DEFAULT NULL,
  `updated_at` timestamp NULL DEFAULT NULL,
  `image` varchar(191) COLLATE utf8_unicode_ci DEFAULT NULL,
  `published_date` timestamp NULL DEFAULT NULL,
  PRIMARY KEY (`id`)
) ENGINE=InnoDB AUTO_INCREMENT=79 DEFAULT CHARSET=utf8 COLLATE=utf8_unicode_ci;
/*!40101 SET character_set_client = @saved_cs_client */;

--
-- Dumping data for table `news`
--

LOCK TABLES `news` WRITE;
/*!40000 ALTER TABLE `news` DISABLE KEYS */;
INSERT INTO `news` VALUES (2,'Program Experiences Web','program-experiences-web','<h1>This is a News Title</h1>\r\n<p>Lorem ipsum dolor sit amet, consectetur adipiscing elit. Integer nec odio. Praesent libero. Sed cursus ante dapibus diam. Sed nisi. Nulla quis sem at nibh elementum imperdiet. Duis sagittis ipsum. Praesent mauris. Fusce nec tellus sed augue semper porta. Mauris massa. Vestibulum lacinia arcu eget nulla. Class aptent taciti sociosqu ad litora torquent per conubia nostra, per inceptos himenaeos. Curabitur sodales ligula in libero.</p>\r\n<p>Sed dignissim lacinia nunc. Curabitur tortor. Pellentesque nibh. Aenean quam. In scelerisque sem at dolor. <em>Lorem ipsum dolor sit amet, consectetur adipiscing elit</em>. Maecenas mattis. <em>Lorem ipsum dolor sit amet, consectetur adipiscing elit</em>. Sed convallis tristique sem. Proin ut ligula vel nunc egestas porttitor. Morbi lectus risus, iaculis vel, suscipit quis, luctus non, massa. Fusce ac turpis quis ligula lacinia aliquet. Mauris ipsum. Nulla metus metus, ullamcorper vel, tincidunt sed, euismod in, nibh. <em>Lorem ipsum dolor sit amet, consectetur adipiscing elit</em>. Quisque volutpat condimentum velit. Class aptent taciti sociosqu ad litora torquent per conubia nostra, per inceptos himenaeos.</p>\r\n<p>Nam nec ante. Sed lacinia, urna non tincidunt mattis, tortor neque adipiscing diam, a cursus ipsum ante quis turpis. Nulla facilisi. Ut fringilla. Suspendisse potenti. Nunc feugiat mi a tellus consequat imperdiet. Vestibulum sapien. Proin quam. Etiam ultrices. Suspendisse in justo eu magna luctus suscipit. Sed lectus.</p>\r\n<p>Integer euismod lacus luctus magna. Quisque cursus, metus vitae pharetra auctor, sem massa mattis sem, at interdum magna augue eget diam. Vestibulum ante ipsum primis in faucibus orci luctus et ultrices posuere cubilia Curae; Morbi lacinia molestie dui. Praesent blandit dolor. Sed non quam. In vel mi sit amet augue congue elementum. Morbi in ipsum sit amet pede facilisis laoreet. Donec lacus nunc, viverra nec, blandit vel, egestas et, augue. Vestibulum tincidunt malesuada tellus. Ut ultrices ultrices enim. Curabitur sit amet mauris. Morbi in dui quis est pulvinar ullamcorper. Nulla facilisi.</p>','Program Experiences Web','<p><strong>Lorem ipsum dolor sit</strong> amet, consectetur adipiscing elit. Integer nec odio. Praesent libero. Sed cursus ante dapibus diam. Sed nisi. Nulla quis sem at nibh elementum imperdiet. Duis sagittis ipsum. Praesent mauris. Fusce nec tellus sed augue semper porta. Mauris massa. Vestibulum lacinia arcu eget nulla. Class aptent taciti sociosqu ad litora torquent per conubia nostra, per inceptos himenaeos.</p>','PUBLISHED',3,'2018-06-08 06:38:00','2018-06-10 21:06:06','news\\June2018\\H0EaFofpSCcgU4x1uSmy.png','2018-06-08 06:38:00'),(3,'The Latest Trend In React','the-latest-trend-in-react','<h1>The Latest Trend In React</h1>\r\n<p>Lorem ipsum dolor sit amet, consectetur adipiscing elit. Integer nec odio. Praesent libero. Sed cursus ante dapibus diam. Sed nisi. Nulla quis sem at nibh elementum imperdiet. Duis sagittis ipsum. Praesent mauris. Fusce nec tellus sed augue semper porta. Mauris massa. Vestibulum lacinia arcu eget nulla.</p>\r\n<p>Class aptent taciti sociosqu ad litora torquent per conubia nostra, per inceptos himenaeos. Curabitur sodales ligula in libero. Sed dignissim lacinia nunc. Curabitur tortor. Pellentesque nibh. Aenean quam. In scelerisque sem at dolor. Maecenas mattis. Sed convallis tristique sem. Proin ut ligula vel nunc egestas porttitor. Morbi lectus risus, iaculis vel, suscipit quis, luctus non, massa. Fusce ac turpis quis ligula lacinia aliquet. Mauris ipsum.</p>\r\n<p><em>Lorem ipsum dolor sit amet, consectetur adipiscing elit</em>. Nulla metus metus, ullamcorper vel, tincidunt sed, euismod in, nibh. Quisque volutpat condimentum velit. Class aptent taciti sociosqu ad litora torquent per conubia nostra, per inceptos himenaeos. Nam nec ante. Sed lacinia, urna non tincidunt mattis, tortor neque adipiscing diam, a cursus ipsum ante quis turpis. Nulla facilisi. <em>Pellentesque nibh</em>. Ut fringilla. Suspendisse potenti. Nunc feugiat mi a tellus consequat imperdiet. Vestibulum sapien. Proin quam. Etiam ultrices. Suspendisse in justo eu magna luctus suscipit. Sed lectus.</p>\r\n<p>Integer euismod lacus luctus magna. Quisque cursus, metus vitae pharetra auctor, sem massa mattis sem, at interdum magna augue eget diam. Vestibulum ante ipsum primis in faucibus orci luctus et ultrices posuere cubilia Curae; Morbi lacinia molestie dui. Praesent blandit dolor. Sed non quam. In vel mi sit amet augue congue elementum. Morbi in ipsum sit amet pede facilisis laoreet. Donec lacus nunc, viverra nec, blandit vel, egestas et, augue. Vestibulum tincidunt malesuada tellus. Ut ultrices ultrices enim. Curabitur sit amet mauris. Morbi in dui quis est pulvinar ullamcorper.</p>\r\n<p>Nulla facilisi. Integer lacinia sollicitudin massa. Cras metus. Sed aliquet risus a tortor. Integer id quam. Morbi mi. Quisque nisl felis, venenatis tristique, dignissim in, ultrices sit amet, augue. Proin sodales libero eget ante. Nulla quam. Aenean laoreet. Vestibulum nisi lectus, commodo ac, facilisis ac, ultricies eu, pede.</p>\r\n<p>Ut orci risus, accumsan porttitor, cursus quis, aliquet eget, justo. Sed pretium blandit orci. Ut eu diam at pede suscipit sodales. <em>Curabitur sit amet mauris</em>. Aenean lectus elit, fermentum non, convallis id, sagittis at, neque. <em>Cras metus</em>. Nullam mauris orci, aliquet et, iaculis et, viverra vitae, ligula. Nulla ut felis in purus aliquam imperdiet. Maecenas aliquet mollis lectus. Vivamus consectetuer risus et tortor. Lorem ipsum dolor sit amet, consectetur adipiscing elit. Integer nec odio. Praesent libero. Sed cursus ante dapibus diam. Sed nisi.</p>','The Latest Trend in React','<p>Ut orci risus, <strong>accumsan porttitor</strong>, cursus quis, aliquet eget, justo. Sed pretium blandit orci. Ut eu diam at pede suscipit sodales.&nbsp;<em>Curabitur sit amet mauris</em>. Aenean lectus elit, fermentum non, convallis id, sagittis at, neque.&nbsp;<em>Cras metus</em>.</p>','PUBLISHED',4,'2018-06-08 06:43:00','2018-06-10 21:05:37','news\\June2018\\mVCqIFdpo0HFVJfA4IFB.png','2018-06-08 06:43:00'),(4,'Why Microsoft Is Willing to Pay So Much for GitHub','why-microsoft-is-willing-to-pay-so-much-for-github','<h2 style=\"text-align: left;\">This is a News Title</h2>\r\n<p>Lorem ipsum dolor sit amet, consectetur adipiscing elit. Integer nec odio. Praesent libero. Sed cursus ante dapibus diam. Sed nisi. Nulla quis sem at nibh elementum imperdiet. Duis sagittis ipsum. Praesent mauris. Fusce nec tellus sed augue semper porta. Mauris massa. Vestibulum lacinia arcu eget nulla. <strong>Lorem ipsum dolor sit amet, consectetur adipiscing elit</strong>. Class aptent taciti sociosqu ad litora torquent per conubia nostra, per inceptos himenaeos. Curabitur sodales ligula in libero.</p>\r\n<p>Sed dignissim lacinia nunc. Curabitur tortor. Pellentesque nibh. Aenean quam. In scelerisque sem at dolor. <strong>Mauris massa</strong>. Maecenas mattis. Sed convallis tristique sem. Proin ut ligula vel nunc egestas porttitor. Morbi lectus risus, iaculis vel, suscipit quis, luctus non, massa. Fusce ac turpis quis ligula lacinia aliquet. Mauris ipsum. Nulla metus metus, ullamcorper vel, tincidunt sed, euismod in, nibh. Quisque volutpat condimentum velit.</p>\r\n<p>Class aptent taciti sociosqu ad litora torquent per conubia nostra, per inceptos himenaeos. Nam nec ante. Sed lacinia, urna non tincidunt mattis, tortor neque adipiscing diam, a cursus ipsum ante quis turpis. Nulla facilisi. Ut fringilla. Suspendisse potenti. Nunc feugiat mi a tellus consequat imperdiet. Vestibulum sapien. Proin quam. Etiam ultrices. <strong>Nam nec ante</strong>. Suspendisse in justo eu magna luctus suscipit. Sed lectus.</p>\r\n<p>Integer euismod lacus luctus magna. Quisque cursus, metus vitae pharetra auctor, sem massa mattis sem, at interdum magna augue eget diam. Vestibulum ante ipsum primis in faucibus orci luctus et ultrices posuere cubilia Curae; Morbi lacinia molestie dui. Praesent blandit dolor. Sed non quam. In vel mi sit amet augue congue elementum. Morbi in ipsum sit amet pede facilisis laoreet. Donec lacus nunc, viverra nec, blandit vel, egestas et, augue. Vestibulum tincidunt malesuada tellus. Ut ultrices ultrices enim. Curabitur sit amet mauris. Morbi in dui quis est pulvinar ullamcorper. Nulla facilisi. Integer lacinia sollicitudin massa.</p>\r\n<p>Cras metus. Sed aliquet risus a tortor. Integer id quam. Morbi mi. <strong>Curabitur sit amet mauris</strong>. Quisque nisl felis, venenatis tristique, dignissim in, ultrices sit amet, augue. Proin sodales libero eget ante. Nulla quam. Aenean laoreet. Vestibulum nisi lectus, commodo ac, facilisis ac, ultricies eu, pede. Ut orci risus, accumsan porttitor, cursus quis, aliquet eget, justo. Sed pretium blandit orci. <em>Sed non quam</em>. Ut eu diam at pede suscipit sodales.</p>\r\n<p><em>Curabitur sit amet mauris</em>. Aenean lectus elit, fermentum non, convallis id, sagittis at, neque. Nullam mauris orci, aliquet et, iaculis et, viverra vitae, ligula. Nulla ut felis in purus aliquam imperdiet. Maecenas aliquet mollis lectus. Vivamus consectetuer risus et tortor. Lorem ipsum dolor sit amet, consectetur adipiscing elit. <em>Quisque nisl felis, venenatis tristique, dignissim in, ultrices sit amet, augue</em>. Integer nec odio. Praesent libero. <em>Integer id quam</em>. Sed cursus ante dapibus diam. Sed nisi. Nulla quis sem at nibh elementum imperdiet. Duis sagittis ipsum.</p>\r\n<h3>Lorem ipsum dolor sit amet</h3>\r\n<p>Praesent mauris. Fusce nec tellus sed augue semper porta. <em>Nullam mauris orci, aliquet et, iaculis et, viverra vitae, ligula</em>. Mauris massa. Vestibulum lacinia arcu eget nulla. Class aptent taciti sociosqu ad litora torquent per conubia nostra, per inceptos himenaeos. Curabitur sodales ligula in libero. Sed dignissim lacinia nunc. Curabitur tortor. <em>Integer nec odio</em>. Pellentesque nibh. <em>Vivamus consectetuer risus et tortor</em>. Aenean quam. In scelerisque sem at dolor. Maecenas mattis. <strong>Class aptent taciti sociosqu ad litora torquent per conubia nostra, per inceptos himenaeos</strong>. Sed convallis tristique sem. Proin ut ligula vel nunc egestas porttitor.</p>\r\n<p><strong>Class aptent taciti sociosqu ad litora torquent per conubia nostra, per inceptos himenaeos</strong>. Morbi lectus risus, iaculis vel, suscipit quis, luctus non, massa. Fusce ac turpis quis ligula lacinia aliquet. Mauris ipsum. Nulla metus metus, ullamcorper vel, tincidunt sed, euismod in, nibh. Quisque volutpat condimentum velit. Class aptent taciti sociosqu ad litora torquent per conubia nostra, per inceptos himenaeos. <em>Sed cursus ante dapibus diam</em>. Nam nec ante. Sed lacinia, urna non tincidunt mattis, tortor neque adipiscing diam, a cursus ipsum ante quis turpis. Nulla facilisi. Ut fringilla. Suspendisse potenti. Nunc feugiat mi a tellus consequat imperdiet. Vestibulum sapien. Proin quam.</p>\r\n<p><em>Fusce ac turpis quis ligula lacinia aliquet</em>. Etiam ultrices. Suspendisse in justo eu magna luctus suscipit. Sed lectus. Integer euismod lacus luctus magna. <strong>Nam nec ante</strong>. Quisque cursus, metus vitae pharetra auctor, sem massa mattis sem, at interdum magna augue eget diam. Vestibulum ante ipsum primis in faucibus orci luctus et ultrices posuere cubilia Curae; Morbi lacinia molestie dui. <strong>Suspendisse potenti</strong>. Praesent blandit dolor. Sed non quam. <em>Nam nec ante</em>. In vel mi sit amet augue congue elementum. Morbi in ipsum sit amet pede facilisis laoreet. Donec lacus nunc, viverra nec, blandit vel, egestas et, augue. Vestibulum tincidunt malesuada tellus. Ut ultrices ultrices enim.</p>\r\n<p>Curabitur sit amet mauris. Morbi in dui quis est pulvinar ullamcorper. Nulla facilisi. <em>Suspendisse in justo eu magna luctus suscipit</em>. Integer lacinia sollicitudin massa. Cras metus. Sed aliquet risus a tortor. Integer id quam. Morbi mi. Quisque nisl felis, venenatis tristique, dignissim in, ultrices sit amet, augue. Proin sodales libero eget ante. Nulla quam. Aenean laoreet. Vestibulum nisi lectus, commodo ac, facilisis ac, ultricies eu, pede. <em>Etiam ultrices</em>. Ut orci risus, accumsan porttitor, cursus quis, aliquet eget, justo.</p>','Why Microsoft Is Willing to Pay So Much for GitHub','<p>Curabitur sit <strong>amet mauris</strong>. Morbi in dui quis est pulvinar ullamcorper. Nulla facilisi.&nbsp;Suspendisse in justo eu magna luctus suscipit. Integer lacinia sollicitudin massa.</p>','PUBLISHED',4,'2018-06-08 06:46:00','2018-06-13 04:53:20','news\\June2018\\G1iIdvNGklAlYNsBWQrj.png','2018-06-08 06:46:00'),(5,'Laravel 5.6.2 Is Out','laravel-5-6-2-is-out','<p>Lorem ipsum dolor sit amet, consectetur adipiscing elit. Integer nec odio. Praesent libero. Sed cursus ante dapibus diam. Sed nisi. Nulla quis sem at nibh elementum imperdiet. Duis sagittis ipsum. Praesent mauris. Fusce nec tellus sed augue semper porta. <strong>Lorem ipsum dolor sit amet, consectetur adipiscing elit</strong>. Mauris massa. Vestibulum lacinia arcu eget nulla. Class aptent taciti sociosqu ad litora torquent per conubia nostra, per inceptos himenaeos. Curabitur sodales ligula in libero.</p>\r\n<p>Sed dignissim lacinia nunc. <em>Lorem ipsum dolor sit amet, consectetur adipiscing elit</em>. Curabitur tortor. <em>Lorem ipsum dolor sit amet, consectetur adipiscing elit</em>. Pellentesque nibh. Aenean quam. In scelerisque sem at dolor. Maecenas mattis. Sed convallis tristique sem. Proin ut ligula vel nunc egestas porttitor.&nbsp;</p>\r\n<p><strong>Aenean quam</strong>. Nulla metus metus, ullamcorper vel, tincidunt sed, euismod in, nibh. Quisque volutpat condimentum velit. Class aptent taciti sociosqu ad litora torquent per conubia nostra, per inceptos himenaeos. <strong>Maecenas mattis</strong>. Nam nec ante. Sed lacinia, urna non tincidunt mattis, tortor neque adipiscing diam, a cursus ipsum ante quis turpis. Nulla facilisi. Ut fringilla. Suspendisse potenti. Nunc feugiat mi a tellus consequat imperdiet. Vestibulum sapien. Proin quam. Etiam ultrices. <strong>Nulla metus metus, ullamcorper vel, tincidunt sed, euismod in, nibh</strong>. Suspendisse in justo eu magna luctus suscipit. Sed lectus.</p>\r\n<p>Integer euismod lacus luctus magna. Quisque cursus, metus vitae pharetra auctor, sem massa mattis sem, at interdum magna augue eget diam. <em>Proin ut ligula vel nunc egestas porttitor</em>. Vestibulum ante ipsum primis in faucibus orci luctus et ultrices posuere cubilia Curae; Morbi lacinia molestie dui. Praesent blandit dolor. Sed non quam. In vel mi sit amet augue congue elementum. Morbi in ipsum sit amet pede facilisis laoreet. Donec lacus nunc, viverra nec, blandit vel, egestas et, augue. Vestibulum tincidunt malesuada tellus. Ut ultrices ultrices enim. Curabitur sit amet mauris. Morbi in dui quis est pulvinar ullamcorper.</p>\r\n<p>Nulla facilisi. Integer lacinia sollicitudin massa. Cras metus. Sed aliquet risus a tortor. Integer id quam. Morbi mi. Quisque nisl felis, venenatis tristique, dignissim in, ultrices sit amet, augue. Proin sodales libero eget ante. Nulla quam. Aenean laoreet. Vestibulum nisi lectus, commodo ac, facilisis ac, ultricies eu, pede. Ut orci risus, accumsan porttitor, cursus quis, aliquet eget, justo. Sed pretium blandit orci.</p>\r\n<p>Ut eu diam at pede suscipit sodales. Aenean lectus elit, fermentum non, convallis id, sagittis at, neque. <em>Cras metus</em>. Nullam mauris orci, aliquet et, iaculis et, viverra vitae, ligula. Nulla ut felis in purus aliquam imperdiet. Maecenas aliquet mollis lectus. Vivamus consectetuer risus et tortor. <em>Vestibulum tincidunt malesuada tellus</em>. Lorem ipsum dolor sit amet, consectetur adipiscing elit. <em>Quisque nisl felis, venenatis tristique, dignissim in, ultrices sit amet, augue</em>. Integer nec odio. Praesent libero. Sed cursus ante dapibus diam. Sed nisi. Nulla quis sem at nibh elementum imperdiet. Duis sagittis ipsum. Praesent mauris.</p>\r\n<p>Fusce nec tellus sed augue semper porta. <strong>Nullam mauris orci, aliquet et, iaculis et, viverra vitae, ligula</strong>. Mauris massa. Vestibulum lacinia arcu eget nulla. <em>Aenean lectus elit, fermentum non, convallis id, sagittis at, neque</em>. Class aptent taciti sociosqu ad litora torquent per conubia nostra, per inceptos himenaeos. Curabitur sodales ligula in libero. Sed dignissim lacinia nunc. Curabitur tortor. <strong>Sed cursus ante dapibus diam</strong>. Pellentesque nibh. Aenean quam. In scelerisque sem at dolor. Maecenas mattis. Sed convallis tristique sem. Proin ut ligula vel nunc egestas porttitor. <strong>Class aptent taciti sociosqu ad litora torquent per conubia nostra, per inceptos himenaeos</strong>. Morbi lectus risus, iaculis vel, suscipit quis, luctus non, massa.</p>','Laravel 5.6.2 Is Out','<p>Morbi lectus risus, iaculis vel, suscipit quis, luctus non, massa. Fusce ac turpis quis ligula lacinia aliquet. Mauris ipsum.</p>','PUBLISHED',4,'2018-06-06 04:00:00','2018-06-14 05:24:06','news\\June2018\\DgIjiZk2S262xmWq44N6.png','2018-06-14 04:00:00'),(59,'Operative 3rdgeneration hierarchy','operative-3rdgeneration-hierarchy','Qui sint quibusdam distinctio occaecati inventore adipisci cum. Voluptate soluta libero in et voluptate. Et voluptatem cupiditate cum beatae omnis molestiae vel.\n\nHarum velit sapiente voluptate quia. Aut architecto ad qui in. Ea voluptas minus tempora aut exercitationem.\n\nQui facilis delectus dignissimos blanditiis. Quibusdam occaecati excepturi dolores voluptatibus occaecati inventore odit. Reprehenderit nam sit rerum deleniti enim excepturi accusamus adipisci. Voluptatem qui explicabo laboriosam nesciunt. Quis alias impedit aut.\n\nQui tenetur voluptas consequatur nemo repellat ullam unde. Veniam vitae repellendus est aut quod soluta. Voluptatem enim sed cupiditate quae sed voluptate. Laudantium qui unde quis quam exercitationem.\n\nSuscipit ex aut perspiciatis nisi. Deleniti molestias expedita minima aliquid. Voluptatum totam et dolores ut ut excepturi molestias. Quia consequuntur vero sunt impedit saepe dolores dolorem.\n\nVoluptate omnis sapiente eveniet. Occaecati similique fugit est veritatis rem sed eos. Facilis non fugiat ut saepe iusto. Ut in ea velit sapiente distinctio at.\n\nSed non ut ea explicabo earum. Pariatur occaecati suscipit ut molestias aliquam. Ut sint sunt fugit vel dicta rerum et.\n\nEt porro est aut rerum praesentium minima omnis. Odio nisi qui maiores natus consequatur maiores quidem. Aut et non perspiciatis sint cum. Sint dolorem natus et.\n\nEos qui unde alias quod quis. Odit accusamus delectus ea sunt dignissimos ipsam. Quis delectus est nemo nihil nulla iure voluptatem. Aut porro aut eos culpa tenetur aut.\n\nIpsa mollitia aperiam nemo asperiores velit et molestiae. Non enim minima voluptas inventore nulla autem. Ducimus eius esse voluptatem saepe distinctio corrupti tenetur. Hic maxime possimus consequuntur omnis ut qui.','Operative 3rdgeneration hierarchy','Molestias rerum tempore nesciunt dolore. Molestiae velit amet voluptatem dolores ad sapiente voluptate perferendis. Ipsa in ipsa sapiente quia asperiores.','PUBLISHED',51,'2018-06-29 00:37:24','2018-06-29 00:37:24','news/June2018/news3.png','2018-06-29 00:37:24'),(60,'Optional local help-desk','optional-local-help-desk','Et deleniti iusto rerum itaque veritatis nesciunt qui. Necessitatibus ut cum eum maxime quos. Neque in fuga et eius odit.\n\nMagnam sint explicabo repellat quia unde eos nostrum. Omnis necessitatibus quasi nihil nulla odio quod. Dolorem quos quis itaque est. Libero in eligendi sint officia voluptatum.\n\nVoluptate aut maxime dolor est sunt. Rem repellat fuga qui velit temporibus. Qui sint sint est laboriosam.\n\nEligendi velit ullam et et. Quos nihil aut debitis aperiam sunt. Suscipit ea et dolor eligendi qui.\n\nQuis suscipit velit consequuntur laboriosam incidunt corporis. Quo in ratione reiciendis quae est blanditiis et. Dignissimos quis fugiat perferendis a porro.\n\nDignissimos pariatur voluptate illo sed. Quos ut minima maxime nam laboriosam mollitia maiores et. Suscipit sed recusandae et nesciunt. Nemo sunt ullam et suscipit.\n\nConsequatur eligendi quasi quidem veritatis in voluptates. Ab molestiae distinctio reiciendis. Explicabo est qui sit velit ad quisquam.\n\nIllum dolorem hic at sunt totam distinctio et amet. Voluptatem quia rerum libero veritatis distinctio odio. Et asperiores et veniam. Quia aut sint vel aliquam sapiente.\n\nUnde mollitia maiores ut dolor. Maiores non consequatur qui id pariatur veritatis. Rerum repellat ipsum earum pariatur repudiandae.\n\nVoluptas asperiores consequatur perferendis. Ut voluptas accusamus iusto inventore error cum necessitatibus a. Sapiente culpa non ducimus odit quibusdam mollitia. Beatae saepe quae labore voluptatem cum nihil.\n\nVoluptatem architecto cum aliquid. Aut occaecati provident aut voluptatem ratione. Aspernatur ad aliquam sunt est nulla consequatur sed ratione.\n\nLaudantium deserunt aliquam natus fugit sapiente eveniet quos. Voluptatibus deleniti culpa est consequatur.\n\nOmnis corporis asperiores et doloremque et enim. Sed repellat quis vel sint amet vero. Natus similique ut omnis provident. Veniam eos voluptatum quia vitae impedit. Est cumque qui et consectetur vitae.\n\nUt doloribus id odit voluptates voluptatum eius rerum. Qui ut ab ipsam et dolor et dignissimos. Exercitationem et quas magni laudantium molestias. Fuga omnis facere neque qui sint beatae. Impedit commodi neque et itaque.','Optional local help-desk','Sequi aliquid qui minima quis dolorum laudantium. Et laborum debitis cupiditate. Alias eveniet sed aliquam non.','PENDING',3,'2018-06-29 00:37:24','2018-06-29 00:37:24','news/June2018/news1.png','2018-06-29 00:37:24'),(61,'Multi-channelled intermediate workforce','multi-channelled-intermediate-workforce','Quas quis delectus tenetur sequi pariatur ad quisquam. Sint iure asperiores recusandae illo magnam aut aperiam. Doloremque qui cupiditate officiis voluptatem iste odio.\n\nMinus autem nostrum expedita doloribus fugiat. Excepturi ex in fugit. Amet laborum necessitatibus vel ipsum. Velit dolore quia natus voluptatem necessitatibus. Rem est voluptas quisquam itaque quas rerum.\n\nQuis sequi tempora asperiores animi fuga sit asperiores consequuntur. Dicta dolor dolorum harum facilis nisi. Labore modi quia consequatur. Unde id voluptas quia molestiae quo aut. Distinctio error error nemo.\n\nAut quaerat voluptatem rerum. Non voluptates exercitationem illo adipisci reiciendis. Et labore exercitationem eaque tempore et ut. Aut architecto alias et temporibus sit quia sed. Suscipit repellendus possimus voluptas voluptatem laudantium quibusdam doloremque eligendi.\n\nTemporibus at sint voluptatem veritatis saepe architecto omnis. Sunt ea id laudantium praesentium corrupti soluta. Repudiandae voluptatem earum et eum temporibus error quis. Rerum quasi ab molestiae sint voluptate omnis quae maxime.\n\nVoluptas culpa tenetur distinctio aliquam eum eligendi. Autem expedita iste quasi magnam doloribus. Quaerat voluptatibus adipisci fugiat veniam.\n\nDucimus voluptatum rerum facere ab vitae sed. Odit qui assumenda et quia. Sunt ut error ea occaecati ullam magni. Harum exercitationem tenetur fugit repellendus pariatur est animi.\n\nRerum alias et qui officiis sed corporis. Ipsam consectetur dolores tempora id. Eum exercitationem nulla repellendus facere velit ipsam. Sint dolor consectetur ut dolor.\n\nHic aut repudiandae iusto velit. Cum ut veritatis corrupti perspiciatis tempora.\n\nMollitia aliquid quod possimus ullam reiciendis aperiam sapiente. Blanditiis dicta tempora quam eos eius libero minus. Ea a ratione et.\n\nPerferendis deserunt eligendi est id non deleniti eius. Unde quia ut aut ex ut. Quibusdam aut aut reprehenderit consequuntur. Ipsum dolore qui eaque doloribus omnis.\n\nId aliquam quas laborum incidunt. Officia aspernatur et dolorum ipsam libero. Aliquam veritatis mollitia molestias quis est assumenda. Vero molestiae porro laborum quo. Cumque nesciunt quia quasi non magni itaque.\n\nDolorem dolorum porro est aliquid non voluptates ipsum. Dicta ducimus dolorum amet sed. Dolor commodi qui numquam maiores quo placeat.','Multi-channelled intermediate workforce','Dolorem ut optio quo culpa molestias doloremque. Aspernatur sint est voluptatibus ipsa iusto. Id eos voluptas facere quia aperiam. Dignissimos eum aperiam aspernatur libero non quia. Sint quaerat odio ipsam id molestiae sit tempora.','PENDING',33,'2018-06-29 00:37:24','2018-06-29 00:37:24','news/June2018/news3.png','2018-06-29 00:37:24'),(62,'Down-sized discrete complexity','down-sized-discrete-complexity','<p>Quo autem illo atque quia vel itaque. Quasi explicabo nemo impedit aliquid aut rerum voluptas. Voluptatibus quas quasi repellendus eveniet ut eius delectus. Fugit minus quaerat quos rerum natus itaque. Iste et provident id ullam. Dolorem omnis incidunt in saepe dignissimos incidunt eaque. Rerum aut excepturi rerum placeat. Officia enim laborum dolores labore. Non voluptas nihil sed corporis ut. Quia occaecati magnam sit deserunt. Neque id quis distinctio corporis exercitationem. Reprehenderit et tempora consequatur corrupti qui vel. Exercitationem quam et rerum soluta facilis. Rem id necessitatibus aperiam nihil aut voluptas a. Magni vero iure qui id alias explicabo dolorem. Voluptates molestias quisquam molestias. Voluptatem nemo fugit accusantium delectus est rerum qui. Quaerat dicta nemo explicabo voluptas a. Repellendus rerum repudiandae molestiae quos eius optio sed. Eum inventore non aut doloribus incidunt quo ad. Dolorem aut dolorum tempora. Et architecto quo vero sit. Modi ullam est qui aut nesciunt. Sint eaque et neque nihil. Perspiciatis reprehenderit eos eos nostrum ad. Excepturi consectetur rerum exercitationem dolore recusandae vel numquam laudantium. Debitis et rerum laboriosam enim rerum. Dolorem voluptatem magnam odio dolorem repellat magnam consequatur sint. Qui enim animi ea ex. Consequatur aut omnis dignissimos nulla. Temporibus nemo aut sit non unde occaecati nemo mollitia. Voluptatum illo et culpa asperiores dicta. Deleniti saepe sunt maxime assumenda. Voluptatem necessitatibus deleniti hic tenetur ut. Ipsa voluptas repudiandae eveniet dolore architecto voluptatem. Eos consequuntur vitae qui rerum ut. Recusandae sapiente cupiditate ipsum nulla enim maiores. Ullam laborum qui quia. Est asperiores nisi ut optio. Beatae ipsam voluptas vel ut. Nesciunt omnis eum placeat quasi aut molestias dolorem.</p>','Down-sized discrete complexity','<p>Earum quia quia expedita ut incidunt. Hic dolor perspiciatis repellendus dolor.</p>','PUBLISHED',54,'2018-06-29 00:37:24','2018-06-29 00:53:05','news/June2018/news4.png','2018-06-29 00:37:24'),(63,'Future-proofed assymetric initiative','future-proofed-assymetric-initiative','Et omnis ut veniam consequatur deleniti. Quis delectus et possimus. Quo laudantium quisquam repudiandae quia quae ut itaque.\n\nOfficiis illo doloremque optio qui error. Non dolor quae minima id iure nisi voluptatem eum. Error sit beatae laudantium tempora id fugit assumenda.\n\nA corrupti ex qui eos occaecati ut quia. Fugiat expedita aut omnis consectetur aut.\n\nPlaceat numquam asperiores quibusdam sit officiis quis. Delectus qui in laudantium voluptatibus dolores. Nihil provident voluptas nulla blanditiis tempora inventore. Porro aut voluptatibus mollitia non qui.\n\nAut consequatur maiores aut quidem magnam est molestias. Repellat et corporis fuga libero minus assumenda. Laboriosam mollitia est temporibus quo. Non qui et dicta a iste.\n\nDolore ea blanditiis ut quia quo. Non ipsum ducimus ratione nihil explicabo facilis aut natus. Et ut velit et. Nam labore aut nobis rerum aut aliquid quam.\n\nIpsam nihil repellendus sunt aliquid dolores cum. Non et voluptatem ullam enim totam sint. Nobis alias quia optio. Et ipsum suscipit repellendus ducimus et sit.\n\nNobis reiciendis necessitatibus rem reiciendis ipsa. Et quia quo id qui ab veritatis recusandae. Molestias aut ab fugit eum. Nihil quo in esse voluptatem voluptatem eius voluptatem et.\n\nVel a qui vel dolor hic sit. Cumque dolores quo cumque voluptatem tempora sint. Nam facere sit numquam. Doloremque et incidunt fuga sed vel assumenda.\n\nQuis voluptates dicta dolorum est facilis et cupiditate. Totam dolorem earum qui non quisquam rerum sed. Aut unde alias non illo aut amet. Excepturi consequatur velit beatae ut quis.\n\nNecessitatibus suscipit quaerat repellendus culpa. Suscipit voluptas impedit consequuntur accusamus cumque minima repellat. Quam enim aut provident. Officia vel quasi pariatur quisquam omnis nemo.\n\nAccusamus velit dolores accusamus sed nisi aliquam. Provident modi quia quisquam dolores et enim quasi enim. Possimus aut repudiandae quos quod molestiae temporibus. Expedita totam porro eius sed.\n\nSit repellendus rerum distinctio totam aliquam amet ut. Dolores mollitia aut libero assumenda. Delectus dicta optio provident qui aperiam dolore tempore. Molestias aspernatur maxime quod qui est ipsa. Labore est quisquam minus.\n\nFugit commodi aut in consequuntur praesentium. Libero et omnis officia. Qui incidunt dolor odio dolores saepe ut. Ut quis sed consequatur delectus enim eveniet eligendi mollitia.\n\nRatione excepturi excepturi alias. Consectetur dolores quisquam rerum culpa magni repellat.\n\nAtque illo dolore laboriosam est occaecati porro. Quod ullam voluptatum enim dolorum. Laudantium qui magnam quia quia.\n\nNisi quia rerum sed. Dolores eveniet amet enim in. Qui inventore ab error magni possimus.\n\nDistinctio dolore dicta et et. Sint similique sapiente molestias quos beatae. Commodi totam minima nobis itaque pariatur ipsam. Sint eos quae expedita sapiente voluptatum perspiciatis.\n\nEx minus distinctio animi eum. Atque cupiditate adipisci ea voluptas blanditiis aperiam quidem. Vero quod quasi ratione quibusdam.\n\nQuis minima veniam repellat. Ea possimus saepe voluptates quo odit qui numquam.','Future-proofed assymetric initiative','Pariatur beatae repudiandae aut ullam. Eum facere itaque facilis accusantium molestiae iste suscipit deleniti. Nisi excepturi laborum aut est accusamus harum autem. Vel in accusamus qui quisquam a.','PENDING',40,'2018-06-29 00:37:24','2018-06-29 00:37:24','news/June2018/news2.png','2018-06-29 00:37:24'),(64,'Implemented assymetric database','implemented-assymetric-database','<p>Earum repellendus placeat omnis qui id cumque. Itaque molestiae excepturi aut perspiciatis. Sed doloribus eligendi adipisci qui. Asperiores consequatur nulla et nihil ullam sed sint. Et est voluptatem mollitia rerum sit fuga et sed. Est et fugit excepturi veritatis est illum occaecati. Dolorum id expedita eos exercitationem. Ut laudantium vitae autem dolor quia qui. Voluptatum magni qui consequuntur voluptatem voluptas. Ratione nesciunt dicta ex quis. Quidem soluta eum iste earum aliquam porro. In sint doloremque quasi libero modi. Qui aut eum vitae repudiandae assumenda amet porro nulla. Omnis perspiciatis voluptas sapiente expedita. Quo nulla eos est sit adipisci facere incidunt impedit. Aut quidem enim aut sed quos. Blanditiis tenetur a a. Qui ipsam consequatur et nobis aut placeat asperiores. Voluptate odit eaque voluptatum architecto nihil aut ducimus. Sed ea saepe accusamus dicta. Suscipit beatae ex molestias ea exercitationem. Aut et corrupti magni voluptates ratione pariatur atque porro. Eos quos reprehenderit qui non. Velit aliquid ut qui corrupti maiores non sapiente. At eos sequi sit aut veritatis aut dignissimos. Fugiat sit esse id voluptatem voluptates aut. Aut consectetur et numquam nisi qui. Consequatur cupiditate sit asperiores quidem sint tempora autem. Qui optio culpa voluptate natus tempore cum ut. Eos qui quis quia qui officiis autem. Atque autem eius consequatur et quibusdam. Sunt quo et doloribus sunt. Harum laborum dicta magnam cum aut aut saepe. Inventore cum aperiam necessitatibus sunt ut eaque. Dolorum vitae quaerat ea minus accusantium. Debitis nemo consectetur et molestias et dolorum est. Eaque soluta assumenda officiis. Et dolorem sint aspernatur laboriosam. Magni praesentium quas veritatis voluptas. Quas ut dolorem iure officiis id eligendi maxime. Cum nesciunt et aut. Et voluptates fuga molestiae. Ut dignissimos dolor et mollitia delectus non. Iste molestiae eum debitis ad labore ut. Consectetur ad incidunt aspernatur est et sit molestiae. Odit rem repellat facilis consequatur voluptas voluptatem. Nemo rerum quas vel et. Itaque rem tenetur impedit veritatis atque excepturi. Voluptas quo praesentium quos et voluptas iste. Nemo qui nihil dolor consequatur ut explicabo quo. Et et non numquam id saepe. Accusamus sunt voluptatibus at qui. Ut non aut natus minus dolor possimus. Quas enim quae sit aut atque itaque provident. Consequuntur sed distinctio quis doloremque similique odit qui. Et cumque quod quasi voluptatibus aut odio ullam. Sunt id nesciunt eum. Aut veniam veniam unde cumque et est sunt. Nam eum voluptas quas praesentium aut in.</p>','Implemented assymetric database','<p>Sapiente laborum sed voluptatem aut dolorem. Ullam ipsam soluta odio saepe porro sint odio recusandae. Facilis tempore in officia veniam inventore similique quia.</p>','PUBLISHED',7,'2018-06-29 00:37:24','2018-06-29 00:53:14','news/June2018/news3.png','2018-06-29 00:37:24'),(65,'Profit-focused demand-driven monitoring','profit-focused-demand-driven-monitoring','<p>Soluta possimus consectetur asperiores et. Ut et eaque eligendi omnis. Consequuntur eligendi libero minima aspernatur nisi. Voluptas eius reiciendis dolorum voluptatem itaque. Sequi recusandae dolore ipsam quisquam. Sint quis quia quas architecto facilis. Ut architecto rem laboriosam consequatur quas. Corporis molestiae at maxime officiis corrupti odit nemo. Enim voluptas minus sit et consectetur magni et. Sit nulla vero culpa ab voluptatum assumenda. Atque aut sit facere id debitis sit odio. Sapiente reprehenderit quas perspiciatis voluptatem est est. Ut at deserunt quidem animi. Dolor incidunt voluptatem odit quod. Est enim blanditiis dolores a aut. Ut soluta voluptatibus quisquam harum. Ea magnam numquam sit corporis perferendis rem. Consequatur aut cum in culpa voluptatum nulla aut. Aut et iusto dicta odit. Sed quisquam odit error aut in temporibus. Molestiae et exercitationem ab velit qui accusantium. Ut ea sit ipsam excepturi optio enim hic. Similique ratione laudantium ut doloribus voluptatibus. Similique impedit repellendus eos voluptas aspernatur. Enim optio aperiam aut laboriosam recusandae impedit. Explicabo velit molestiae et doloribus id eum. Deleniti et deserunt cumque mollitia. Voluptatem laudantium dolores at culpa numquam. Voluptatem quis qui non alias sapiente cumque. Recusandae et voluptate aspernatur delectus harum suscipit. Corrupti et fuga dolorum nihil aut aut. Rem voluptas recusandae corporis sed. Aut occaecati itaque molestiae nisi officia in id. Eos vel rerum magni qui assumenda. Consequatur possimus maiores ut provident. Officia mollitia magnam non sequi rem. Illum dolore dolores exercitationem nesciunt facilis. Nisi ut qui quaerat explicabo dicta. Fuga qui quia a corporis placeat. Itaque optio laudantium dolor dignissimos et nulla. Iste expedita facilis id iste atque unde. Ut non molestiae et eum eveniet deserunt. In vitae ipsa et id nihil ex. Est quas veritatis ut corporis incidunt explicabo. Non voluptas id qui aut ea omnis. Quia et praesentium qui et qui dolorem. Repudiandae non sunt qui necessitatibus molestiae. Sunt consequatur quaerat quibusdam. Aut et nisi atque expedita odio. Velit non veniam reiciendis at hic voluptatem ut. Cumque quisquam eum aut qui eius rerum. Non velit odio expedita aliquid totam voluptatibus. Velit aut et cum ratione ea blanditiis non. Consequatur sapiente sit id sunt et a aspernatur. Quos cumque totam et nihil et earum. Quam sit laudantium nihil eum omnis repellendus harum. Rerum ut sequi doloremque non.</p>','Profit-focused demand-driven monitoring','<p>Facere adipisci et repellendus consequuntur id ratione. Facere non sed non dolor. Soluta autem porro ex vel alias et voluptatem. Corrupti corporis reiciendis praesentium.</p>','PUBLISHED',36,'2018-06-29 00:37:24','2018-06-29 00:53:26','news/June2018/news5.png','2018-06-29 00:37:24'),(66,'Fundamental static complexity','fundamental-static-complexity','<p>Et maxime maxime laudantium iure suscipit quam maxime. Nam ipsam illo non. Architecto velit aut ut quia et tempora possimus. Nostrum velit id doloremque velit. Reprehenderit ratione qui consectetur hic sit. Atque enim unde ullam omnis autem est. Explicabo autem earum quis debitis. Perferendis iusto ut consequatur porro. Rem aliquam ea ut voluptatem ut sequi quo. Ut laborum quis ut voluptates. Recusandae repellendus qui quas placeat est deserunt unde. Itaque adipisci harum autem velit neque alias iure. Id soluta at nihil vitae. Atque voluptatibus minus sit eaque tenetur sunt aut ea. Consequuntur nesciunt nostrum dolor magnam similique odio. Molestiae voluptatem adipisci sapiente ut quia. Voluptatem laudantium est ad a optio. Ut ipsa sed error error fugiat repellat. Ea id dignissimos quo architecto aliquid. Rerum sunt quia ex dolorem nihil. Magnam dignissimos quam quis recusandae soluta. Inventore quia molestiae quo reiciendis laudantium quis laudantium. Sit vero atque odio optio nesciunt quia non. Facilis esse non et accusamus ipsum. Doloribus quos eaque dolores ipsum voluptas porro nobis minus. Inventore nemo facere accusantium molestiae. Quod autem nesciunt explicabo est modi quasi nobis eius. Laborum tenetur repellendus laborum exercitationem. Velit distinctio at et vitae est vero et ut. Dolorem error et voluptas et rerum ea. Nihil repellendus nulla sed cum. Distinctio aut voluptatem voluptas. Ipsam et quaerat voluptas in et. Commodi qui facilis deleniti quaerat sed dolorum. Veritatis culpa nemo impedit est quia autem. Rerum sint qui deserunt laborum repellat non sit aut. Illo magni ut omnis numquam iste dolores nostrum. Libero corrupti voluptas minus sed nostrum.</p>','Fundamental static complexity','<p>Eaque quia quia est harum et aut mollitia. Dolorem vitae rerum eum nostrum. Eum consequuntur non ratione minus ea alias.</p>','PUBLISHED',34,'2018-06-29 00:37:24','2018-06-29 00:53:34','news/June2018/news4.png','2018-06-29 00:37:24'),(67,'Diverse discrete interface','diverse-discrete-interface','<p>Excepturi voluptatum a ducimus nobis. At recusandae sunt modi suscipit illum. Qui et unde quis sit eum cupiditate ut. Voluptatem ratione autem similique qui. Deleniti veniam dolor a quae. Sequi placeat sequi ut. Odio nam laudantium eum eos pariatur qui adipisci. Adipisci ducimus accusamus porro non incidunt. Et aliquid provident neque consequatur dolor. Et molestiae ratione quidem voluptate corrupti temporibus. Non quos ex ipsum repellendus. Ab dolores quasi ipsum sunt illum. Placeat voluptatem expedita iusto fugiat sint. Maxime numquam doloremque voluptate maiores velit reiciendis in. Ut quia aut possimus quas aliquam cumque consequatur. Consectetur vitae mollitia nobis nulla et voluptatibus magni. Atque ut nesciunt ut eos et consectetur ullam. Voluptatem adipisci molestias sequi neque vel alias facere. Tempore dolor qui dolor fugit sint neque. Sit praesentium non repellat. Molestias sunt voluptas consequatur aut placeat explicabo. Quia quis magni nisi distinctio at nemo. Recusandae impedit fugiat eos quia minima. Et voluptatem similique sed non dolores qui sed. Recusandae magni ut officiis vero exercitationem. Ipsa aut et ducimus maxime. Nemo magni at autem placeat. In similique velit excepturi odit ut. Iusto eligendi omnis sequi. Dicta vero qui voluptatem unde sint totam. Sapiente vel ipsa qui aut expedita. Est maiores doloribus repudiandae similique provident. Facilis eum dolorem eum est ullam. Repellat molestias id quibusdam tempore. Quidem non consequatur atque id autem quos maiores. Asperiores quisquam fugiat assumenda est ut. Reprehenderit et provident ab omnis quidem et. Incidunt et doloribus quas ratione sint corporis. Non saepe accusamus illo impedit quam ea et. Facere amet quis non rem mollitia. Temporibus dolor natus et maiores quod culpa at. Eligendi doloremque incidunt velit. Ut facere accusantium in. Et aut non quod odit non. Veritatis atque qui rerum ut provident. Alias sed est voluptate doloribus quod. Est ut sit facere aut officiis. Veniam suscipit enim incidunt tempora. Ratione eius aut in pariatur et omnis. Adipisci voluptatem rerum soluta ut maiores repellendus. Rerum impedit accusamus et eius eveniet odit. Est sed facere aliquid sunt. Quia dolores qui in eaque voluptas tempore aliquid. Ea et quia perspiciatis dolorem sunt. Saepe voluptates nihil veniam occaecati qui pariatur saepe. Unde libero nemo dignissimos qui ex et debitis expedita. Praesentium molestiae facilis unde dolorem minus impedit. Veniam asperiores ad et. Qui distinctio quia dignissimos aliquid culpa maxime optio. Tempore eligendi omnis quam laudantium earum enim architecto. Animi labore expedita excepturi mollitia. Sed et quia animi blanditiis aut repellat. Excepturi quam beatae incidunt. Laborum explicabo id magni illum nesciunt rem magni. In voluptatibus necessitatibus excepturi magnam est ad. Vitae explicabo et et sint sed libero aut. Nihil unde eum quod sit. Est ipsa pariatur omnis nostrum. Commodi tenetur sit qui blanditiis praesentium accusantium voluptas. Blanditiis quisquam atque voluptatem quidem voluptatem et ab voluptatem. Dolor velit nostrum rerum ut molestiae. Quasi rerum eius earum fugiat doloribus dignissimos doloremque. Est et tempora vel sit sit. Assumenda eum quos minus asperiores.</p>','Diverse discrete interface','<p>Officiis illum vero animi velit blanditiis asperiores. Asperiores veritatis distinctio maxime ipsam quia harum. Dolores ab fugiat quia enim deleniti nulla.</p>','PUBLISHED',36,'2018-06-29 00:37:24','2018-06-29 00:52:54','news/June2018/news3.png','2018-06-29 00:37:24'),(68,'Profit-focused modular implementation','profit-focused-modular-implementation','Quis molestiae quae ab qui expedita. Non quo similique aut consequatur distinctio excepturi. Quod est dicta et. Sint enim ut est illum assumenda voluptates.\n\nVoluptates porro mollitia ducimus amet. Modi consequatur quia exercitationem praesentium. Quis perferendis culpa maiores repellendus libero repellendus. Tempore officiis quaerat accusantium vel qui dolorem at.\n\nOptio fuga vero laboriosam dolor iusto sapiente. Eos tenetur autem et earum. Ut recusandae veritatis odio itaque harum pariatur.\n\nAutem qui et provident dicta non est. Et minus voluptatem optio aliquam amet. Molestias ad quibusdam commodi at molestiae. Vero provident labore optio qui tempora.\n\nConsequatur voluptas facilis quo animi aut consequuntur consequatur. Fugiat consequuntur aut non dolorem. Et officiis quisquam blanditiis voluptas ut asperiores. Consequatur voluptatibus doloremque natus qui aut fugit.\n\nMagni aut omnis odit qui enim eum aut. Sit quos corrupti enim autem velit aut suscipit est. Ad illum dolorum minus suscipit sunt.\n\nQuia et delectus ut nam a commodi. Eligendi debitis modi autem architecto est ipsum temporibus. Velit nihil omnis possimus est modi qui quos. Nesciunt voluptatem dolorem rerum ipsum sed. Non illo vero sed deserunt.\n\nReprehenderit doloremque laboriosam itaque nostrum assumenda earum fugit. Ex et qui quo animi autem deserunt impedit. Molestiae alias dicta aspernatur et.\n\nDignissimos hic enim cumque quia atque rem tempora. Quos quis est vel a.\n\nLaboriosam esse magnam culpa est officiis. Quia et modi quia ipsa aperiam nemo et. Numquam molestiae in rerum cupiditate iure. Doloremque doloribus eos ut assumenda laboriosam sit.\n\nEt iure ea qui aut at et. Qui incidunt sed eius et distinctio velit magnam veniam. Animi sed quo et et ullam sit quos eaque.','Profit-focused modular implementation','Tempore similique qui aliquam quidem consequatur delectus. Aut quibusdam id unde aperiam aut nihil animi. Ratione culpa qui quis facere. Voluptatem hic ad alias necessitatibus. Totam velit repellendus est est et facilis.','PENDING',12,'2018-06-29 00:37:24','2018-06-29 00:37:24','news/June2018/news3.png','2018-06-29 00:37:24'),(69,'Synchronised motivating infrastructure','synchronised-motivating-infrastructure','Eum labore minima quibusdam ex explicabo velit. Quisquam sed sequi vitae. Cupiditate odit excepturi voluptas voluptatem dicta corporis. Beatae officiis consequatur voluptas sit.\n\nSint doloribus molestiae eius nostrum. Dolor fugiat vel dolor aliquid eveniet totam odit aut. Placeat blanditiis non eum rerum sint. Consequatur quia placeat eius nostrum.\n\nFuga optio veniam natus atque vero. Velit ut sunt quis ipsa delectus. Cupiditate rerum sunt cum voluptate officiis. Est sit et vitae et ut qui.\n\nSit sit rerum et consequuntur. Ratione voluptatem voluptatum voluptatem in similique. Porro sint magnam id.\n\nEst eos vel nisi sed dolor veritatis cum. Quas aperiam tenetur culpa facilis et deserunt aut. Molestiae aut consectetur et aperiam sed et.\n\nEt excepturi ab sunt dolorem. Eius quia aliquid magnam officiis saepe nulla aut. Dolorum neque nihil velit sint labore et blanditiis. Necessitatibus qui sit sed error.\n\nMaxime consequatur est rem animi. Asperiores officia qui dolor et. Quis ut beatae distinctio quo tenetur dolores.\n\nQuisquam deserunt rerum sint quaerat aut. Sint distinctio voluptas qui veritatis illo tempora. Consectetur corrupti non nobis totam expedita occaecati sed non.\n\nOmnis vero exercitationem tempore dolores nemo expedita. Sit sed consequatur rerum occaecati quibusdam. Aperiam dolorem neque aliquid culpa praesentium. Voluptatem voluptas neque perferendis quas.\n\nSequi vel in iste et velit est. Non consequatur eligendi laboriosam ab nihil facere est. Ex expedita illo debitis. Architecto distinctio autem eos soluta minus officia et.\n\nPlaceat numquam vel eum dolores qui. Minima aspernatur et et voluptatem itaque consequatur. Omnis itaque quas quis maiores id. Maiores qui beatae dolor possimus odio consequatur quas quos. Quis animi nesciunt possimus quo enim optio.\n\nAnimi quasi ex illum animi corrupti aut. Sint et quas voluptatem nulla itaque dolorem atque. Vel et impedit voluptatem porro eos tempore.\n\nSit quia possimus enim. Excepturi aut aliquid expedita est quae voluptas. Qui et minus minus. Vel quasi quaerat aliquam quia soluta unde eum.\n\nEt hic nesciunt minus ea. Rerum sit distinctio tempora numquam sint ut. Ea totam facilis quae quod voluptas numquam rem. Ut iure ipsa voluptatem libero repellendus aut.\n\nUt maxime ipsum suscipit excepturi dolorum eos explicabo. Reprehenderit alias nulla tempore tenetur. Magnam quibusdam voluptatem itaque laboriosam. Tenetur ut necessitatibus voluptatem doloribus adipisci quos iure.\n\nIn quidem fuga quibusdam saepe. Repudiandae et qui aspernatur dolor. Omnis dolores dolores at totam deserunt numquam qui eos. Est accusamus quo corrupti temporibus enim necessitatibus.\n\nOmnis ipsa modi ab perspiciatis voluptate maxime. Aspernatur officiis esse blanditiis. Consequuntur quo aut est aut eius voluptas pariatur. Asperiores earum nostrum illum dolorum.','Synchronised motivating infrastructure','Soluta deleniti labore excepturi voluptas distinctio molestiae. Quo quia qui cum dolor non et vel sequi. Sed doloribus occaecati aut ab facere.','PENDING',36,'2018-06-29 00:53:47','2018-06-29 00:53:47','news/June2018/news5.png','2018-06-29 00:53:47'),(70,'Horizontal human-resource firmware','horizontal-human-resource-firmware','Totam quia velit illo nam ipsum nostrum molestias provident. Quia ex amet et quis dolores. Totam reiciendis accusantium optio alias qui.\n\nIpsam excepturi quia culpa nihil ad sequi. Non et blanditiis accusantium in vero eveniet id. Culpa ut dolorem voluptatem eum.\n\nIste eaque iusto iure deleniti est eaque. Est porro quis a non quam. Commodi vel at dignissimos occaecati ut quis praesentium. Explicabo occaecati neque ad est esse. Porro inventore saepe deleniti quisquam nihil.\n\nId non voluptate asperiores. Debitis necessitatibus consequatur pariatur sit. Libero quia quos atque aut. Omnis velit quasi modi dolor qui et.\n\nIncidunt libero cum est quam est maxime tempora. Laboriosam quo ullam velit blanditiis et laborum est. Qui tempore saepe est praesentium nulla qui. Quod incidunt numquam vel enim.\n\nNisi voluptatem sit eveniet molestias. Cumque ipsam amet nemo nulla quia quis quo. Quia sequi fuga libero velit velit cupiditate eius. Architecto iste blanditiis soluta saepe sed veritatis distinctio.\n\nUt magni quia commodi sed inventore culpa. Sed fugiat corrupti repudiandae ratione autem in quam. Voluptatibus iste non id eaque. Laudantium nobis ab dicta minus.\n\nMolestiae perferendis aut sed fugit a aliquid eos. Nobis aliquid non saepe nisi. Eos et cupiditate vel inventore occaecati corrupti impedit. Aperiam qui consequatur quaerat cumque et.\n\nDebitis consequuntur et perferendis eveniet. Perferendis nostrum aliquid occaecati ex nam alias facere. Facere dolorem delectus nulla. Ipsa voluptatem asperiores aut architecto.\n\nDucimus laboriosam dignissimos saepe expedita dolore voluptatum temporibus. Nostrum voluptatibus quas voluptates dignissimos et. Doloribus ad earum ipsum cupiditate repudiandae.\n\nCorrupti eum sed a et sed sapiente. Facere culpa eius earum sit dolores tempora qui velit. Officiis iste pariatur quos et.\n\nBeatae sit ut facilis dolorem libero. Quia ut id cupiditate architecto totam quas est. Consequatur dicta quaerat ut omnis sint nobis sunt. Dolores sunt blanditiis aut aut.\n\nAmet esse aliquid quod. Minus dolorem sed saepe quam consectetur sint a. Voluptatum qui eos quas quisquam deleniti. Esse dolore veritatis id vel culpa.\n\nExcepturi velit aliquid accusamus deserunt qui. Pariatur odio animi eum velit. Asperiores ea qui et tenetur. Tempore aliquam placeat aut tempore unde.\n\nMollitia vel error autem neque. Eum deleniti corrupti dolores quas maiores. Assumenda nulla provident ipsa sint.\n\nTempora aliquam fuga quaerat tempora. Vel quo eius omnis placeat sed quam ratione. Alias error in velit sed quam error. Vero vel et sit voluptatum voluptate magni.','Horizontal human-resource firmware','Quis assumenda esse vero illo consequatur iusto. Autem et aut aut accusamus maxime et perferendis fuga. Et voluptatem veniam assumenda officia.','PENDING',21,'2018-06-29 00:53:47','2018-06-29 00:53:47','news/June2018/news3.png','2018-06-29 00:53:47'),(71,'Grass-roots solution-oriented orchestration','grass-roots-solution-oriented-orchestration','Ipsam hic a expedita libero. Ex quo enim ut veniam nulla autem. Ipsum minus enim praesentium qui qui quis. Veniam voluptas et error sed.\n\nEnim nemo qui incidunt assumenda et iusto ad. Qui enim necessitatibus et et et quos provident. Enim aspernatur officia ducimus eveniet earum. Qui accusamus labore reprehenderit. Odio cumque id nemo inventore provident.\n\nQui ea dolor voluptatem aut recusandae culpa ullam. Omnis eligendi dolore ex doloremque hic consequatur. Sunt dolores eaque voluptatem esse velit non. Qui dolores sed cum at a aut.\n\nAtque quia perferendis beatae quod quisquam expedita. Vero delectus porro qui. Aut doloremque quis dicta rem aspernatur voluptatem qui. Beatae est et qui maxime impedit qui nobis.\n\nLaboriosam autem sed porro sed. Fuga quas est ut voluptatem et dolorem. Modi neque quos enim quia et vel modi dolore.\n\nMolestiae ut incidunt quia quo rerum alias. Quas eos occaecati itaque itaque maiores reiciendis nesciunt. Aspernatur sed est earum sequi voluptates. Et placeat voluptas dolorum provident mollitia vero.\n\nNostrum aut non quae ut est et culpa. Quam sunt quam debitis ipsam ut consequatur exercitationem sint. In ab incidunt veritatis quis et. Quaerat soluta exercitationem a temporibus ipsam dolore aut. Quas delectus suscipit aut soluta corporis sed animi.\n\nModi aut expedita voluptatem rerum. Ab magni impedit ut dolor. Autem necessitatibus soluta animi fuga qui voluptatum voluptatem soluta.\n\nEos hic eius minima omnis suscipit molestias. Recusandae labore odio velit iusto esse voluptatem soluta. Laborum ratione aliquam occaecati itaque dignissimos. Sapiente ipsam maiores voluptatem non.\n\nEt recusandae numquam numquam qui dolor quas omnis aut. Amet adipisci mollitia sit reprehenderit qui ab. Aut laudantium placeat libero voluptate quibusdam vero optio architecto.\n\nEius aliquam non non alias. Perferendis iste accusamus labore assumenda vitae porro.\n\nDolore eligendi consequatur consequatur vel. Commodi mollitia id quis accusantium in architecto. Eos fugiat aliquid et reprehenderit qui aut. Deserunt qui consectetur est architecto.\n\nPlaceat amet labore placeat. Non ea asperiores reprehenderit. Consequatur explicabo quis ut soluta nisi pariatur neque.\n\nOdio ea velit fugiat et assumenda sed. Voluptatem eius laudantium quibusdam maxime aspernatur quo qui. Qui est doloribus debitis qui similique dolor vitae. Non debitis quia est hic fuga.\n\nCorporis a a in dolore perspiciatis est. Sapiente maxime eaque quae eveniet reiciendis. Aut nulla officiis et quidem aut culpa. Voluptas velit aspernatur occaecati libero.\n\nTempora culpa cumque eveniet est atque ut. Facere ipsam excepturi in quis quia sed voluptates. Voluptatem quia ullam necessitatibus esse non ut. Sed similique consequuntur neque.\n\nIllo fugit sunt inventore vero hic nemo et. Architecto fugiat quis eos vel possimus. Cupiditate at iste distinctio voluptatibus. Quae velit consequatur velit debitis sed adipisci.\n\nPariatur velit consequatur aliquid esse qui. Sit beatae est sequi dolorem sed hic voluptate. Aut cumque facere sint laboriosam voluptatibus alias.\n\nNecessitatibus quia animi est excepturi corrupti dolor voluptate molestiae. Omnis dolorum cum quis enim explicabo at nostrum. Odit itaque veniam quisquam asperiores id aut sint. Amet voluptatem fuga est quisquam et eum illo.','Grass-roots solution-oriented orchestration','Et nulla tempore magnam rerum quasi autem. Incidunt incidunt voluptates nesciunt ullam expedita sint. Vel aut ab error qui qui. Reiciendis nobis autem velit tenetur soluta rerum in.','PUBLISHED',49,'2018-06-29 00:53:47','2018-06-29 00:53:47','news/June2018/news5.png','2018-06-29 00:53:47'),(72,'Business-focused exuding product','business-focused-exuding-product','Consectetur commodi reprehenderit magnam repudiandae sit nulla temporibus sed. Nam vel et reiciendis animi earum quis. Mollitia ratione enim ducimus modi.\n\nQuia maxime expedita sed necessitatibus. Est et omnis aperiam eligendi. Non culpa expedita ea praesentium et vero possimus. Nam pariatur sequi incidunt porro.\n\nVoluptas officia non aliquam fugit. Minima labore doloremque nostrum quia vitae. Quidem quos officiis id et et perferendis autem blanditiis.\n\nAb enim iusto sunt dolorum earum voluptatibus quisquam. Similique reprehenderit est beatae eius voluptatibus inventore perspiciatis excepturi. Ad magni saepe voluptas fugiat reprehenderit tempore.\n\nSed ex rerum quod modi repellendus. Consequuntur ut accusamus ut. Sunt qui quasi tenetur aut. Reprehenderit eos aspernatur saepe quo est.\n\nQuibusdam vero ut perferendis voluptas nihil fugiat. Sed est totam dolores vitae. Culpa fugit harum adipisci id. Atque ut nihil rerum in nihil nesciunt recusandae.\n\nExpedita sit pariatur rerum sit ratione. Voluptas dolores doloremque nihil molestias similique ea ipsa. Dolores quibusdam dolore ut ab unde sit. Ut dolor commodi mollitia illo et dolor ullam.\n\nEaque sit blanditiis voluptas minima debitis dolores et. Possimus deleniti eaque quis voluptatem. Facere ea sint quidem id id quidem magnam. Dolorem itaque molestiae dolor nisi.\n\nConsequatur quibusdam consectetur iste quas quia aut sit architecto. Voluptas qui ullam dolorum fugiat. Consequatur autem sit eius non libero possimus.\n\nCommodi laboriosam rerum facilis dolorum dolore aliquid nam. Consequuntur at minima culpa qui at et quo quo. Quisquam eligendi quia distinctio provident. Nisi porro dolore voluptas et sunt.\n\nEa sint culpa temporibus labore consectetur sint. Vel tempora ex nihil corporis fugit autem recusandae.\n\nAccusamus id ipsam officiis aut harum. Sit eius harum qui. Aspernatur possimus dolorem quia nam officia porro qui. Et vel occaecati alias ipsam iure velit.\n\nNatus et est qui in voluptatem. Soluta quia adipisci iure consectetur qui expedita. Et et officiis velit sed. Quia ex qui suscipit corrupti accusamus.\n\nRepellendus non eum et inventore. Voluptatum modi vel qui aliquam consequuntur necessitatibus. Et facilis assumenda fugiat sit. Ipsa dolore corrupti consequuntur eius.\n\nDolore ducimus aut amet et voluptatem. Asperiores enim ut mollitia voluptas quia dolor esse cupiditate. Iure voluptas doloribus esse et consectetur non mollitia. Architecto eum vero excepturi aliquid aut modi voluptatum.\n\nProvident minima quis rerum nisi. Voluptatem ut dolorem laborum consequuntur. Rerum vitae molestiae pariatur enim incidunt. Rerum veritatis veritatis nesciunt impedit deleniti beatae.\n\nConsequatur modi sequi est quos. Assumenda aut sed corporis consequatur ipsam asperiores consequuntur porro. Veniam assumenda et expedita nobis.\n\nSint est itaque ea aut accusantium distinctio. Amet sit deserunt excepturi est ipsa. Provident voluptatem ut atque accusantium consequatur.\n\nDolor alias quam sed velit qui. Velit dolores qui totam perspiciatis temporibus. Quidem minima odio quas dolores iusto dicta.','Business-focused exuding product','Vero magnam id repellendus explicabo tempore. Iste perferendis quis qui accusantium iste et. Quis omnis ipsam est earum quo aspernatur. Deleniti assumenda quo aliquam optio quam.','PUBLISHED',28,'2018-06-29 00:53:47','2018-06-29 00:53:47','news/June2018/news3.png','2018-06-29 00:53:47'),(73,'Fully-configurable maximized challenge','fully-configurable-maximized-challenge','Atque eos pariatur deleniti in culpa qui distinctio. Sit assumenda aut accusamus reiciendis quia ab fugit.\n\nNihil voluptas et aut nemo quaerat asperiores distinctio unde. Ullam vero similique recusandae nisi corporis et possimus. Accusantium adipisci qui vitae est perspiciatis excepturi. Ipsa quam porro placeat tempora. Aut ab dolor beatae dolorem accusamus.\n\nVoluptatem aliquam iusto dicta sequi necessitatibus sapiente. Illo eum veniam repellendus sapiente aspernatur et. Distinctio nobis consequatur suscipit dolorem nisi. Sunt dolor occaecati nihil asperiores atque qui sit.\n\nProvident aut repellat omnis et qui. Veritatis accusantium vel voluptatem sunt perferendis fuga. Placeat ratione et ipsam sint et quo est. Voluptatem facilis recusandae est ducimus facere expedita.\n\nConsequatur quas totam est asperiores et in tenetur porro. Qui accusamus tempora et alias nulla ipsum. Ullam ut aliquid accusamus omnis. Eveniet qui totam et voluptatibus.\n\nSequi quia qui in voluptas quis ipsa doloremque. Qui alias quae consequatur temporibus deserunt veniam. Pariatur aut ut doloremque voluptatibus debitis dolor.\n\nMolestiae consequuntur accusamus accusantium et est. Perspiciatis sed qui est sed est quidem voluptatibus. Ea earum sint aut sit.\n\nMagnam est repellendus sit et tenetur dolore nulla. Deleniti et reprehenderit dignissimos. Eos placeat rem dolores eligendi aut consequatur.\n\nVoluptatem sint hic iure quo quidem accusantium quo. Eveniet iste temporibus occaecati aut ut quae. Id nemo aliquid laborum porro id natus. Libero sed aliquid quis magnam iusto.\n\nIste id quia tempore voluptate autem veritatis rem. Et in sint et unde voluptatem voluptatibus. Fugit est voluptas est harum rem error.\n\nNihil a quo expedita. Nesciunt ea quia quod quia libero. Perferendis vel deleniti odio nostrum tenetur. Repellendus reprehenderit maxime non.\n\nRepellendus ut optio a dolorum ex excepturi. Totam dolor vitae illum rerum autem vero tempora. Aut in pariatur et ipsa ipsum ipsa aut.\n\nAut est voluptatem modi voluptatibus et et similique. Repellat omnis porro est sunt itaque cum ipsa. Omnis voluptatibus consequatur labore consequatur omnis et sed. Rem hic fugiat quod facere vero sed.\n\nDolor sit possimus aliquid. Sit quae natus et quis. Quibusdam in accusamus perferendis voluptas sit quia blanditiis. Animi temporibus fugit nisi ea voluptatibus ea. Saepe dolor repellat nihil et.\n\nIusto odio ipsa quaerat cumque delectus labore. Possimus molestiae soluta voluptas est ut. Maxime architecto eum tempora dignissimos voluptatem aut nesciunt. Recusandae error consequatur nulla facilis fugit nostrum.\n\nVoluptate quod minima suscipit recusandae quos nesciunt temporibus. A repudiandae voluptatem rem aut culpa. Eligendi aspernatur voluptates impedit qui consequuntur. Ex mollitia odio voluptatem et qui.\n\nLaborum quibusdam quod dolores sit sit suscipit. Minus officia quidem iusto expedita cumque quia. Id accusantium sit hic. Excepturi ut nulla vitae nisi voluptas quas autem.\n\nArchitecto laborum dignissimos omnis consequatur velit. Quia culpa nostrum inventore similique ut doloribus vero sit. Suscipit earum vel rerum possimus.','Fully-configurable maximized challenge','Hic repellendus ut facilis ea dolorem. Consequatur optio culpa delectus aut sunt labore ullam voluptate.','PUBLISHED',6,'2018-06-29 00:53:47','2018-06-29 00:53:47','news/June2018/news3.png','2018-06-29 00:53:47'),(74,'Devolved upward-trending policy','devolved-upward-trending-policy','Voluptas ex ex possimus iste enim. Est perspiciatis voluptas corrupti dolor. Voluptate quia eos eveniet amet molestias. Et quo ut illo laudantium perspiciatis vel.\n\nAutem quibusdam repellat veniam cumque. Et nemo reiciendis eligendi est quos earum laudantium ipsum. Quae expedita enim ut voluptatem.\n\nLaudantium ab eos quos et non impedit. Praesentium sed voluptatem vitae quasi. Quod aut qui aut ipsum quis. Perferendis sapiente qui dolores sunt voluptatem consequatur est.\n\nRecusandae id minima nesciunt minima. Qui autem consectetur recusandae iure. Autem ab iure quia et non omnis voluptatem. Consectetur odio ut numquam sapiente fugit impedit ut.\n\nQui corporis in ut. Qui voluptatem dicta dolor consectetur et necessitatibus dolorum. Quis eaque eos in fugit quos beatae.\n\nDolore beatae corrupti facilis et harum eligendi. Minima neque saepe id eos id. Distinctio et vel laborum laudantium ut voluptas. Quo pariatur consequatur a necessitatibus itaque sit quia. Porro ipsam quasi sit enim quos.\n\nMolestias iure et qui qui. Dolorem non impedit dignissimos quisquam sit. At saepe est totam voluptatem qui aperiam. Nesciunt est pariatur eveniet sit ducimus.\n\nEa deleniti ratione molestias. Aspernatur saepe voluptatibus officiis repellendus non. Ullam eveniet aperiam vitae.\n\nVoluptas repudiandae voluptatem hic facilis exercitationem officiis sed. Ex nulla est ipsa laborum temporibus totam et. Ut a adipisci quo quo numquam illo.\n\nAccusamus esse ut ut rerum eum. Corrupti natus eius omnis mollitia dolorem. Aspernatur sunt sunt quia necessitatibus.\n\nFugit quos consequatur veniam ea voluptas totam. Voluptate possimus et iusto eligendi non cumque ea nihil. Ut nostrum natus occaecati quidem non.\n\nRecusandae dolores qui expedita ad. Doloremque quia excepturi ut sit. Quisquam voluptatem quisquam veritatis quia.\n\nNeque adipisci doloribus eum. Voluptatem voluptate eum recusandae consectetur voluptatum quam sed. Debitis et facilis nemo eos inventore ea.\n\nMolestias vel autem in dolores. Non nemo recusandae iure. Eligendi necessitatibus hic doloremque voluptate. Sed eos veniam porro saepe dicta. A consequuntur in sapiente est.\n\nVoluptatem in voluptates molestiae deleniti quia. Sint autem sunt eos quaerat. Dolores aut incidunt non accusantium. Dicta doloribus aut qui non quia.\n\nCorrupti quos sunt esse delectus consectetur. Dolorem fuga corporis et officia quo beatae est praesentium. Labore quis doloribus qui ipsam rem dignissimos impedit facilis. Architecto dicta et illo sit temporibus consequatur eos est.\n\nQuis minima molestiae eveniet doloribus sunt molestias. Officia necessitatibus aspernatur omnis vero voluptatum facere. Cum nam autem voluptatem illo assumenda. Ipsam quia eius et.\n\nItaque magni totam ratione est quis assumenda rem quam. Ab voluptatibus aliquam et accusamus aut aspernatur asperiores in. Id laboriosam maiores enim minima excepturi nihil.','Devolved upward-trending policy','Saepe facilis velit non. Velit rerum eius autem qui. Quia in possimus nihil neque sit. Dolores impedit repellat aut saepe. Molestias dolorum rem labore repellat est omnis sunt neque. Nemo voluptatum non similique perferendis deleniti molestiae.','PUBLISHED',34,'2018-06-29 00:53:47','2018-06-29 00:53:47','news/June2018/news5.png','2018-06-29 00:53:47'),(75,'Sharable 24hour hardware','sharable-24hour-hardware','Adipisci adipisci amet natus dolor explicabo eius autem. Sapiente voluptas possimus fuga aliquid ut unde. Dolores in voluptas impedit quas. Earum magni reprehenderit suscipit totam harum.\n\nAut molestiae exercitationem voluptatibus. Tempore corrupti officia enim. Molestiae voluptas et sed eveniet sint voluptatibus. Omnis libero enim qui.\n\nDebitis possimus illo vitae quae aut tempora. Eum rerum excepturi molestiae. Sequi itaque quis veritatis aut inventore suscipit hic.\n\nOptio quisquam repellat id amet. Facere et non qui magni. Sed illum laudantium numquam dolorum sit ut. Sed dicta sint illum et quod harum mollitia beatae.\n\nNostrum pariatur quia accusamus omnis voluptatem est magnam atque. Laborum non quia vel ut aliquam. Vel aliquid quidem vel.\n\nDolor nostrum tenetur aut aut. Velit voluptate sit inventore id. Iusto porro voluptatem voluptates nihil ut.\n\nExercitationem et quaerat quibusdam debitis. Maiores dolor in et mollitia qui magnam. Ducimus et expedita explicabo magni. Et veritatis rem molestias at provident molestias ut.\n\nDolores quo facere quo quos doloribus. Adipisci delectus illo similique quae cum. Expedita dolorem unde similique aut dolor atque.\n\nReiciendis perferendis aut maiores ex magni culpa nemo. A minus a est aut ea. Exercitationem enim tempora consectetur illo tenetur iure. Cum quia reprehenderit incidunt ipsam.\n\nDolore quam et nihil officiis non. Ex in et consequatur eligendi laudantium. Ipsum hic totam id qui reprehenderit nisi ex.\n\nDeserunt vero perferendis voluptatem. Expedita quos impedit ut atque. Maiores ut dignissimos laudantium est harum sit.\n\nOccaecati minima dolor ad eos quos repudiandae fugit. Atque exercitationem impedit in qui saepe et corrupti.\n\nVoluptatum sapiente atque aperiam et officiis. Rem facere ab et sint autem nostrum deserunt. Et reprehenderit rerum et.\n\nPraesentium nihil dolorem libero. Quis occaecati modi placeat autem. Rerum beatae ullam numquam numquam aspernatur. Hic iste occaecati architecto est dolorem.\n\nUllam incidunt temporibus voluptas qui. Nostrum delectus occaecati dolore rem. Eos autem cupiditate et.\n\nRatione sunt molestiae expedita sit porro molestiae in. Eaque et nam eveniet harum. Impedit nisi aut incidunt qui aut voluptatibus magni. Hic aliquid non nulla maxime et ut. Enim voluptatibus sed eum nobis.\n\nIpsa voluptatum reprehenderit voluptates est natus dolorem tempore iusto. Sed quo dolor corporis recusandae consequuntur modi ut cum. Nesciunt nesciunt hic tenetur.\n\nCorrupti est nihil dolorem vero consequuntur mollitia dolores sit. Dolores eligendi et consequatur dolores cupiditate pariatur reprehenderit. Ducimus magnam impedit consectetur voluptas et molestias.\n\nConsequatur cumque repellendus temporibus qui et impedit voluptas. Neque quibusdam qui impedit explicabo enim qui dolorum. Reprehenderit autem sit voluptatum libero repellat odio maxime. Qui quia quibusdam et sint labore eos adipisci.','Sharable 24hour hardware','Aut nesciunt sint dolor adipisci adipisci tempora. Id quis sit qui et inventore. Eveniet omnis quod asperiores aut quo consequuntur amet quia.','DRAFT',51,'2018-06-29 00:53:47','2018-06-29 00:53:47','news/June2018/news2.png','2018-06-29 00:53:47'),(76,'Reduced heuristic securedline','reduced-heuristic-securedline','Sunt qui amet id qui. Excepturi modi id qui fugit et. Labore modi atque officia. Earum ipsum ut sit hic aut ea.\n\nNemo omnis sed deleniti id et in. Est minus eligendi in. Quis ut explicabo quia omnis sed architecto autem. Quasi ab animi est voluptas fugit odio.\n\nAdipisci minus provident dignissimos porro maxime. Facilis rem ut non incidunt quaerat aliquid omnis. Mollitia vitae autem rerum qui est.\n\nAut consectetur consectetur nihil quasi aliquam. Beatae non voluptas dolor libero ut iusto ut. Quo nesciunt autem minima atque.\n\nVoluptas atque quae iusto et sit sit. Adipisci qui aliquam quasi aut qui. Illum maiores est fuga doloribus ut autem.\n\nLibero quasi eos aspernatur dolor nobis recusandae laboriosam. Pariatur distinctio deserunt sapiente veritatis illo. Magni repellendus iusto consequuntur ratione veritatis consequatur hic. Aut est porro est reiciendis.\n\nNobis tempora perspiciatis animi numquam atque et cum. Rem error dolorem dolores quod quod labore.\n\nAccusantium et rerum modi eaque dolor. Sint qui nostrum sit perferendis saepe et non minima. Itaque excepturi adipisci earum sed.\n\nDistinctio fugiat fugit consequatur eius. Corrupti voluptatem sunt earum aut porro numquam. Dolore quod rerum dolore.\n\nOmnis neque totam animi. Tempora pariatur ea totam aliquid culpa aspernatur aperiam.\n\nEt enim perspiciatis error quia quis nobis eos ut. Aliquam vero soluta saepe architecto. Eaque consequatur aut et rerum sed et architecto fugiat. Adipisci pariatur quia laboriosam modi.\n\nEt dolorem distinctio excepturi dolores itaque quis incidunt. Quas hic saepe laudantium aliquid occaecati. Dolor omnis ea fugit rerum ea omnis hic dolore.\n\nQuia quia quia consequuntur. Quos enim molestiae vel nemo. Voluptatibus accusantium quidem aspernatur rerum nemo.\n\nSimilique dolore est et sint non. Corrupti hic libero aut voluptatem quo quibusdam. Mollitia ut ipsum natus et vitae. Molestiae in labore sit ut.\n\nConsequatur id aut officia. Accusantium labore occaecati corrupti qui sunt enim ut. Autem voluptatem voluptatem reiciendis quos. Qui illum corporis ut autem.','Reduced heuristic securedline','Quaerat fugiat consequatur ut fugit cupiditate. Delectus accusantium modi corporis rerum magni exercitationem. Et nihil dignissimos voluptatem accusantium aut dolor. Ut voluptatem aperiam ut minus ut. Sed ut dolor excepturi deserunt.','PUBLISHED',40,'2018-06-29 00:53:47','2018-06-29 00:53:47','news/June2018/news4.png','2018-06-29 00:53:47'),(77,'Re-engineered zerodefect architecture','re-engineered-zerodefect-architecture','Aliquam eos fugit exercitationem nisi. Voluptate architecto ratione non molestias minus voluptatum. Modi odit iusto qui architecto consequatur amet vel. Libero minima autem saepe fugiat.\n\nTenetur sequi aut id optio voluptatem. Totam iste nobis necessitatibus esse aut delectus. Rerum et delectus repellendus ut tempora consectetur deserunt. Pariatur omnis dolorum ut.\n\nOptio non sunt voluptatem minus. Fuga et accusantium deserunt eligendi ad cum. Non vitae corporis repudiandae est fugiat. Architecto ab consequuntur animi ut nulla magnam. Asperiores deleniti dolorem labore omnis.\n\nUt nisi suscipit non rerum sapiente voluptate. Rem iste natus delectus quo iste tenetur provident. Quis animi incidunt optio magni neque quia.\n\nEligendi cupiditate est voluptatibus voluptas. Iusto qui corporis qui qui et explicabo. Repudiandae illum consectetur unde eum. Beatae blanditiis id omnis voluptas.\n\nMaiores ratione voluptates vel quidem corporis inventore perferendis dicta. Sit et voluptas sit totam ea qui. Fugit maiores modi ea omnis. Odit explicabo nihil suscipit est dolore ex. Atque ab nesciunt a consectetur.\n\nFugit voluptas ipsam dolore ipsa id quas eligendi deserunt. Voluptatem eum error ipsam voluptas qui dolorem. Ipsum sit eum quibusdam rerum.\n\nDolorem laborum iusto eos numquam est nesciunt quas. Minus aspernatur odio eos eius nisi maxime et. Suscipit eum omnis tempora ipsum a aut unde.\n\nEst rerum tempore ea velit ab cumque quaerat. Autem modi eum dolorem omnis nihil. Voluptatem perspiciatis quia neque est fuga veritatis dolor.\n\nSimilique in et aliquam culpa. Repellat et molestiae laborum et. Rem beatae minus iure dolorum dolores a. Fugiat qui libero voluptatem consequatur omnis maxime eligendi. Molestiae adipisci natus in non sunt aperiam sit neque.\n\nNam totam perferendis repellat dicta vitae et. Eaque in ut vitae ut expedita et excepturi. Tempore fugit voluptas odit molestiae dicta inventore.\n\nEst placeat veritatis odio ipsum dolores rem aliquam. Sint inventore eaque et eius fugit numquam ipsam. Vero odio sunt dolore placeat.\n\nUt libero aut suscipit incidunt excepturi quae qui. Maiores voluptatem a veniam dolorem. Est earum accusantium adipisci odio. Deserunt sit ipsa alias sit.\n\nVeniam consectetur illum harum id accusamus id in. Rerum voluptatibus et exercitationem. Libero molestias iusto non rerum adipisci molestiae. Perspiciatis velit quis sit amet deleniti.\n\nEt laboriosam occaecati quo quia et. Atque et vitae est eveniet ut nisi in sed. Repellat velit iste commodi voluptatem. Quo quis id nulla itaque magni fugit velit perferendis.\n\nRepellat et dignissimos dolorem et voluptas. Minima sunt labore ducimus est quo autem architecto facilis. Placeat odio quis sequi iusto. In voluptas quis praesentium enim.\n\nVelit illo possimus velit mollitia. Voluptates dignissimos mollitia quia eaque corrupti voluptatem. Corporis ea aliquam omnis.\n\nQuasi totam omnis eum iure et omnis ut. Doloremque placeat nemo quo nisi maxime. Non eum quas deserunt non. Eius adipisci eos dolorem commodi ut et qui. Explicabo laudantium velit voluptas iure a.','Re-engineered zerodefect architecture','Cumque est iste accusantium voluptas non sit doloremque. Voluptate non quas dolorem qui vel ut. Dolorum et enim cupiditate minima veritatis vel culpa. Sapiente aliquid voluptatem cum eos dolorum eos. Consequatur ipsum perferendis asperiores qui.','PUBLISHED',43,'2018-06-29 00:53:47','2018-06-29 00:53:47','news/June2018/news1.png','2018-06-29 00:53:47'),(78,'Switchable uniform matrix','switchable-uniform-matrix','Praesentium aut esse ab quia tempora. Qui ea reprehenderit fuga optio commodi. Modi alias rerum quisquam aut deleniti ut incidunt. Rerum modi tempore dolore culpa.\n\nReiciendis enim dolorem corrupti illo reprehenderit et. Et praesentium autem quibusdam eos. Similique fugit labore aspernatur. Error ut velit optio earum omnis ipsa. Voluptates provident hic iusto quo optio.\n\nQuas aut ea fuga odio. Possimus recusandae ut omnis. Fugit laborum explicabo veniam repellat voluptatem. Harum laudantium aspernatur repudiandae. Dolor molestiae occaecati quidem porro rerum necessitatibus inventore.\n\nVoluptas itaque cumque quo sed saepe. Molestias veritatis modi vero ea. Corporis exercitationem molestiae aspernatur doloribus.\n\nQui id non nihil autem earum dolorem. Quam at in nam aperiam accusamus occaecati aut. Molestias dolor deserunt explicabo ut. Ut possimus culpa reiciendis ut ullam.\n\nPossimus officiis optio accusamus sunt nam sit. Libero ut voluptatum sunt eius dolorem ex. Facilis optio laborum perspiciatis est sed pariatur. Quaerat et reiciendis quae laborum autem consectetur placeat voluptates.\n\nEt laboriosam est vitae quo aut quod. Nihil quam odit non sint. Non ut pariatur inventore enim consequatur.\n\nEt ut dolorum dolor eum dolorem. Ab sit molestiae repudiandae maiores et dolorem qui. Nihil accusamus voluptatum repellendus suscipit quaerat.\n\nVitae nemo velit ad ipsam. Iste tempora mollitia rem esse vitae molestiae. Doloremque ab beatae debitis dolor quia quam dolor consequatur.\n\nUt voluptatem harum quos optio minus voluptas. Voluptate maxime consequatur est sit ducimus. Laboriosam nihil repellat earum molestias.\n\nDeserunt dolor nam perferendis aut omnis sit voluptatem. Iure quia explicabo nesciunt adipisci omnis. Aut magni in ut qui architecto.\n\nEligendi sed iusto in rerum sed non. Officiis in aut dignissimos iure. Ut labore eum iure iusto ratione. Commodi eveniet magni quaerat in mollitia repudiandae libero. Tempora tempore sed ab eveniet sed.\n\nSuscipit et provident optio autem enim facilis. Sint temporibus minus pariatur suscipit ut. Quo odit incidunt animi in illum. Voluptates ab beatae labore veniam qui.\n\nEt enim dolor autem. Voluptatem laboriosam et ipsam. Deserunt dignissimos consequatur repellendus et nemo quisquam ad et.\n\nVoluptas cumque et maiores iusto sequi. Et architecto consectetur ut nam rem consectetur. Nam ipsa deserunt illo sapiente numquam ullam officiis.\n\nMolestiae libero sed architecto reprehenderit suscipit dicta. Quo qui maiores voluptate sunt a. Molestiae aut laboriosam et voluptas perferendis.','Switchable uniform matrix','Veritatis architecto est vel omnis facilis. Minus voluptates blanditiis est nam repellendus eius. Fugiat est expedita sit vel perspiciatis et hic aperiam. Commodi veniam et voluptatibus voluptatem aut repudiandae. Minus illum inventore quo qui.','PUBLISHED',13,'2018-06-29 00:53:47','2018-06-29 00:53:47','news/June2018/news2.png','2018-06-29 00:53:47');
/*!40000 ALTER TABLE `news` ENABLE KEYS */;
UNLOCK TABLES;

--
-- Table structure for table `pages`
--

DROP TABLE IF EXISTS `pages`;
/*!40101 SET @saved_cs_client     = @@character_set_client */;
/*!40101 SET character_set_client = utf8 */;
CREATE TABLE `pages` (
  `id` int(10) unsigned NOT NULL AUTO_INCREMENT,
  `title` varchar(191) COLLATE utf8_unicode_ci NOT NULL,
  `slug` varchar(191) COLLATE utf8_unicode_ci NOT NULL,
  `header_title` varchar(191) COLLATE utf8_unicode_ci NOT NULL,
  `header_content` mediumtext COLLATE utf8_unicode_ci DEFAULT NULL,
  `meta_title` varchar(191) COLLATE utf8_unicode_ci DEFAULT NULL,
  `meta_description` mediumtext COLLATE utf8_unicode_ci DEFAULT NULL,
  `header_background_color` varchar(50) COLLATE utf8_unicode_ci DEFAULT NULL,
  `created_at` timestamp NULL DEFAULT NULL,
  `updated_at` timestamp NULL DEFAULT NULL,
  `status` varchar(191) COLLATE utf8_unicode_ci DEFAULT NULL,
  `general_content` longtext COLLATE utf8_unicode_ci DEFAULT NULL,
  PRIMARY KEY (`id`)
) ENGINE=InnoDB AUTO_INCREMENT=8 DEFAULT CHARSET=utf8 COLLATE=utf8_unicode_ci;
/*!40101 SET character_set_client = @saved_cs_client */;

--
-- Dumping data for table `pages`
--

LOCK TABLES `pages` WRITE;
/*!40000 ALTER TABLE `pages` DISABLE KEYS */;
INSERT INTO `pages` VALUES (1,'Home','home','Welcome to TutsHub','Lorem ipsum dolor sit amet, consectetur adipiscing elit. Duis vel tellus eu neque congue mollis. Nam dapibus massa non vestibulum venenatis. Class aptent taciti sociosqu ad litora torquent per conubia nostra, per inceptos himenaeos. Aliquam sit amet.',NULL,NULL,'#000000','2018-06-07 04:04:00','2018-06-30 14:17:22','PUBLISHED',NULL),(2,'Tutorials','tutorials','Our Tutorials','Lorem ipsum dolor sit amet, consectetur adipiscing elit. Duis vel tellus eu neque congue mollis. Nam dapibus massa non vestibulum venenatis. Class aptent taciti sociosqu ad litora torquent per conubia nostra, per inceptos himenaeos. Aliquam sit amet.','Tutorials','Lorem ipsum dolor sit amet, consectetur adipiscing elit. Duis vel tellus eu neque congue mollis. Nam dapibus massa non vestibulum venenatis.','#7c5dac','2018-06-07 05:35:39','2018-06-07 05:35:39','PUBLISHED',NULL),(3,'Guides','guides','Our Guides','Lorem ipsum dolor sit amet, consectetur adipiscing elit. Duis vel tellus eu neque congue mollis. Nam dapibus massa non vestibulum venenatis. Class aptent taciti sociosqu ad litora torquent per conubia nostra, per inceptos himenaeos. Aliquam sit amet.','Our Guides | TutsHub','Lorem ipsum dolor sit amet, consectetur adipiscing elit. Duis vel tellus eu neque congue mollis. Nam dapibus massa non vestibulum venenatis. Class aptent taciti sociosqu ad litora torquent per conubia nostra, per inceptos himenaeos. Aliquam sit amet.','#15bfb1','2018-06-08 05:46:01','2018-06-08 05:46:01','PUBLISHED',NULL),(4,'News','news','News','Lorem ipsum dolor sit amet, consectetur adipiscing elit. Duis vel tellus eu neque congue mollis. Nam dapibus massa non vestibulum venenatis. Class aptent taciti sociosqu ad litora torquent per conubia nostra, per inceptos himenaeos. Aliquam sit amet.','News | TutsHub','Lorem ipsum dolor sit amet, consectetur adipiscing elit. Duis vel tellus eu neque congue mollis. Nam dapibus massa non vestibulum venenatis. Class aptent taciti sociosqu ad litora torquent per conubia nostra, per inceptos himenaeos. Aliquam sit amet.','#0086bb','2018-06-08 05:47:00','2018-06-08 05:47:36','PUBLISHED',NULL),(5,'About','about','About TutsHub','Lorem ipsum dolor sit amet, consectetur adipiscing elit. Duis vel tellus eu neque congue mollis. Nam dapibus massa non vestibulum venenatis. Class aptent taciti sociosqu ad litora torquent per conubia nostra, per inceptos himenaeos. Aliquam sit amet.','About | TutsHub','Lorem ipsum dolor sit amet, consectetur adipiscing elit. Duis vel tellus eu neque congue mollis. Nam dapibus massa non vestibulum venenatis. Class aptent taciti sociosqu ad litora torquent per conubia nostra, per inceptos himenaeos. Aliquam sit amet.','#ffa17a','2018-06-08 05:48:45','2018-06-08 05:48:45','PUBLISHED',NULL),(6,'Terms Of Use','terms-of-use','Terms of Use',NULL,'Terms of Use | TutsHub','Lorem ipsum dolor sit amet, consectetur adipiscing elit. Aliquam sit amet consectetur quam, non ornare orci. Praesent convallis augue fermentum, sagittis dui a, ultricies urna. Cras nulla purus, lacinia eget dapibus id, condimentum et mi. Nullam sed.','#15bfb1','2018-06-10 18:22:00','2018-06-10 20:29:21','PUBLISHED','<p>Lorem ipsum dolor sit amet, consectetur adipiscing elit. Integer nec odio. Praesent libero. Sed cursus ante dapibus diam. Sed nisi. Nulla quis sem at nibh elementum imperdiet. Duis sagittis ipsum. Praesent mauris. Fusce nec tellus sed augue semper porta.&nbsp;<strong>Lorem ipsum dolor sit amet, consectetur adipiscing elit</strong>. Mauris massa. Vestibulum lacinia arcu eget nulla. Class aptent taciti sociosqu ad litora torquent per conubia nostra, per inceptos himenaeos. Curabitur sodales ligula in libero.</p>\r\n<p>Sed dignissim lacinia nunc.&nbsp;<em>Lorem ipsum dolor sit amet, consectetur adipiscing elit</em>. Curabitur tortor.&nbsp;<em>Lorem ipsum dolor sit amet, consectetur adipiscing elit</em>. Pellentesque nibh. Aenean quam. In scelerisque sem at dolor. Maecenas mattis. Sed convallis tristique sem. Proin ut ligula vel nunc egestas porttitor. Morbi lectus risus, iaculis vel, suscipit quis, luctus non, massa. Fusce ac turpis quis ligula lacinia aliquet. Mauris ipsum.</p>\r\n<p><strong>Aenean quam</strong>. Nulla metus metus, ullamcorper vel, tincidunt sed, euismod in, nibh. Quisque volutpat condimentum velit. Class aptent taciti sociosqu ad litora torquent per conubia nostra, per inceptos himenaeos.&nbsp;<strong>Maecenas mattis</strong>. Nam nec ante. Sed lacinia, urna non tincidunt mattis, tortor neque adipiscing diam, a cursus ipsum ante quis turpis. Nulla facilisi. Ut fringilla. Suspendisse potenti. Nunc feugiat mi a tellus consequat imperdiet. Vestibulum sapien. Proin quam. Etiam ultrices.&nbsp;<strong>Nulla metus metus, ullamcorper vel, tincidunt sed, euismod in, nibh</strong>. Suspendisse in justo eu magna luctus suscipit. Sed lectus.</p>\r\n<p>Integer euismod lacus luctus magna. Quisque cursus, metus vitae pharetra auctor, sem massa mattis sem, at interdum magna augue eget diam.&nbsp;<em>Proin ut ligula vel nunc egestas porttitor</em>. Vestibulum ante ipsum primis in faucibus orci luctus et ultrices posuere cubilia Curae; Morbi lacinia molestie dui. Praesent blandit dolor. Sed non quam. In vel mi sit amet augue congue elementum. Morbi in ipsum sit amet pede facilisis laoreet. Donec lacus nunc, viverra nec, blandit vel, egestas et, augue. Vestibulum tincidunt malesuada tellus. Ut ultrices ultrices enim. Curabitur sit amet mauris. Morbi in dui quis est pulvinar ullamcorper.</p>\r\n<p>Nulla facilisi. Integer lacinia sollicitudin massa. Cras metus. Sed aliquet risus a tortor. Integer id quam. Morbi mi. Quisque nisl felis, venenatis tristique, dignissim in, ultrices sit amet, augue. Proin sodales libero eget ante. Nulla quam. Aenean laoreet. Vestibulum nisi lectus, commodo ac, facilisis ac, ultricies eu, pede. Ut orci risus, accumsan porttitor, cursus quis, aliquet eget, justo. Sed pretium blandit orci.</p>\r\n<p>Ut eu diam at pede suscipit sodales. Aenean lectus elit, fermentum non, convallis id, sagittis at, neque.&nbsp;<em>Cras metus</em>. Nullam mauris orci, aliquet et, iaculis et, viverra vitae, ligula. Nulla ut felis in purus aliquam imperdiet. Maecenas aliquet mollis lectus. Vivamus consectetuer risus et tortor.&nbsp;<em>Vestibulum tincidunt malesuada tellus</em>. Lorem ipsum dolor sit amet, consectetur adipiscing elit.&nbsp;<em>Quisque nisl felis, venenatis tristique, dignissim in, ultrices sit amet, augue</em>. Integer nec odio. Praesent libero. Sed cursus ante dapibus diam. Sed nisi. Nulla quis sem at nibh elementum imperdiet. Duis sagittis ipsum. Praesent mauris.</p>\r\n<p>Fusce nec tellus sed augue semper porta.&nbsp;<strong>Nullam mauris orci, aliquet et, iaculis et, viverra vitae, ligula</strong>. Mauris massa. Vestibulum lacinia arcu eget nulla.&nbsp;<em>Aenean lectus elit, fermentum non, convallis id, sagittis at, neque</em>. Class aptent taciti sociosqu ad litora torquent per conubia nostra, per inceptos himenaeos. Curabitur sodales ligula in libero. Sed dignissim lacinia nunc. Curabitur tortor.&nbsp;<strong>Sed cursus ante dapibus diam</strong>. Pellentesque nibh. Aenean quam. In scelerisque sem at dolor. Maecenas mattis. Sed convallis tristique sem. Proin ut ligula vel nunc egestas porttitor.&nbsp;<strong>Class aptent taciti sociosqu ad litora torquent per conubia nostra, per inceptos himenaeos</strong>. Morbi lectus risus, iaculis vel, suscipit quis, luctus non, massa.</p>\r\n<p>Fusce ac turpis quis ligula lacinia aliquet. Mauris ipsum. Nulla metus metus, ullamcorper vel, tincidunt sed, euismod in, nibh. Quisque volutpat condimentum velit. Class aptent taciti sociosqu ad litora torquent per conubia nostra, per inceptos himenaeos. Nam nec ante. Sed lacinia, urna non tincidunt mattis, tortor neque adipiscing diam, a cursus ipsum ante quis turpis.&nbsp;<strong>Fusce ac turpis quis ligula lacinia aliquet</strong>. Nulla facilisi. Ut fringilla. Suspendisse potenti. Nunc feugiat mi a tellus consequat imperdiet. Vestibulum sapien. Proin quam. Etiam ultrices.</p>\r\n<p>Suspendisse in justo eu magna luctus suscipit. Sed lectus. Integer euismod lacus luctus magna.&nbsp;<strong>Ut fringilla</strong>. Quisque cursus, metus vitae pharetra auctor, sem massa mattis sem, at interdum magna augue eget diam. Vestibulum ante ipsum primis in faucibus orci luctus et ultrices posuere cubilia Curae; Morbi lacinia molestie dui.&nbsp;<strong>Ut fringilla</strong>. Praesent blandit dolor. Sed non quam. In vel mi sit amet augue congue elementum. Morbi in ipsum sit amet pede facilisis laoreet. Donec lacus nunc, viverra nec, blandit vel, egestas et, augue. Vestibulum tincidunt malesuada tellus. Ut ultrices ultrices enim.</p>\r\n<p><strong>Quisque cursus, metus vitae pharetra auctor, sem massa mattis sem, at interdum magna augue eget diam</strong>. Curabitur sit amet mauris. Morbi in dui quis est pulvinar ullamcorper. Nulla facilisi. Integer lacinia sollicitudin massa. Cras metus. Sed aliquet risus a tortor. Integer id quam. Morbi mi. Quisque nisl felis, venenatis tristique, dignissim in, ultrices sit amet, augue.&nbsp;<strong>Curabitur sit amet mauris</strong>. Proin sodales libero eget ante. Nulla quam. Aenean laoreet. Vestibulum nisi lectus, commodo ac, facilisis ac, ultricies eu, pede. Ut orci risus, accumsan porttitor, cursus quis, aliquet eget, justo.</p>'),(7,'Privacy Policy','privacy-policy','Privacy Policy',NULL,'Privacy Policy | TutsHub','Lorem ipsum dolor sit amet, consectetur adipiscing elit. Aliquam sit amet consectetur quam, non ornare orci. Praesent convallis augue fermentum, sagittis dui a, ultricies urna. Cras nulla purus, lacinia eget dapibus id, condimentum et mi. Nullam sed.','#15bfb1','2018-06-10 18:25:00','2018-06-10 20:25:41','PUBLISHED','<p>Lorem ipsum dolor sit amet, consectetur adipiscing elit. Integer nec odio. Praesent libero. Sed cursus ante dapibus diam. Sed nisi. Nulla quis sem at nibh elementum imperdiet. Duis sagittis ipsum. Praesent mauris. Fusce nec tellus sed augue semper porta. <strong>Lorem ipsum dolor sit amet, consectetur adipiscing elit</strong>. Mauris massa. Vestibulum lacinia arcu eget nulla. Class aptent taciti sociosqu ad litora torquent per conubia nostra, per inceptos himenaeos. Curabitur sodales ligula in libero.</p>\r\n<p>Sed dignissim lacinia nunc. <em>Lorem ipsum dolor sit amet, consectetur adipiscing elit</em>. Curabitur tortor. <em>Lorem ipsum dolor sit amet, consectetur adipiscing elit</em>. Pellentesque nibh. Aenean quam. In scelerisque sem at dolor. Maecenas mattis. Sed convallis tristique sem. Proin ut ligula vel nunc egestas porttitor. Morbi lectus risus, iaculis vel, suscipit quis, luctus non, massa. Fusce ac turpis quis ligula lacinia aliquet. Mauris ipsum.</p>\r\n<p><strong>Aenean quam</strong>. Nulla metus metus, ullamcorper vel, tincidunt sed, euismod in, nibh. Quisque volutpat condimentum velit. Class aptent taciti sociosqu ad litora torquent per conubia nostra, per inceptos himenaeos. <strong>Maecenas mattis</strong>. Nam nec ante. Sed lacinia, urna non tincidunt mattis, tortor neque adipiscing diam, a cursus ipsum ante quis turpis. Nulla facilisi. Ut fringilla. Suspendisse potenti. Nunc feugiat mi a tellus consequat imperdiet. Vestibulum sapien. Proin quam. Etiam ultrices. <strong>Nulla metus metus, ullamcorper vel, tincidunt sed, euismod in, nibh</strong>. Suspendisse in justo eu magna luctus suscipit. Sed lectus.</p>\r\n<p>Integer euismod lacus luctus magna. Quisque cursus, metus vitae pharetra auctor, sem massa mattis sem, at interdum magna augue eget diam. <em>Proin ut ligula vel nunc egestas porttitor</em>. Vestibulum ante ipsum primis in faucibus orci luctus et ultrices posuere cubilia Curae; Morbi lacinia molestie dui. Praesent blandit dolor. Sed non quam. In vel mi sit amet augue congue elementum. Morbi in ipsum sit amet pede facilisis laoreet. Donec lacus nunc, viverra nec, blandit vel, egestas et, augue. Vestibulum tincidunt malesuada tellus. Ut ultrices ultrices enim. Curabitur sit amet mauris. Morbi in dui quis est pulvinar ullamcorper.</p>\r\n<p>Nulla facilisi. Integer lacinia sollicitudin massa. Cras metus. Sed aliquet risus a tortor. Integer id quam. Morbi mi. Quisque nisl felis, venenatis tristique, dignissim in, ultrices sit amet, augue. Proin sodales libero eget ante. Nulla quam. Aenean laoreet. Vestibulum nisi lectus, commodo ac, facilisis ac, ultricies eu, pede. Ut orci risus, accumsan porttitor, cursus quis, aliquet eget, justo. Sed pretium blandit orci.</p>\r\n<p>Ut eu diam at pede suscipit sodales. Aenean lectus elit, fermentum non, convallis id, sagittis at, neque. <em>Cras metus</em>. Nullam mauris orci, aliquet et, iaculis et, viverra vitae, ligula. Nulla ut felis in purus aliquam imperdiet. Maecenas aliquet mollis lectus. Vivamus consectetuer risus et tortor. <em>Vestibulum tincidunt malesuada tellus</em>. Lorem ipsum dolor sit amet, consectetur adipiscing elit. <em>Quisque nisl felis, venenatis tristique, dignissim in, ultrices sit amet, augue</em>. Integer nec odio. Praesent libero. Sed cursus ante dapibus diam. Sed nisi. Nulla quis sem at nibh elementum imperdiet. Duis sagittis ipsum. Praesent mauris.</p>\r\n<p>Fusce nec tellus sed augue semper porta. <strong>Nullam mauris orci, aliquet et, iaculis et, viverra vitae, ligula</strong>. Mauris massa. Vestibulum lacinia arcu eget nulla. <em>Aenean lectus elit, fermentum non, convallis id, sagittis at, neque</em>. Class aptent taciti sociosqu ad litora torquent per conubia nostra, per inceptos himenaeos. Curabitur sodales ligula in libero. Sed dignissim lacinia nunc. Curabitur tortor. <strong>Sed cursus ante dapibus diam</strong>. Pellentesque nibh. Aenean quam. In scelerisque sem at dolor. Maecenas mattis. Sed convallis tristique sem. Proin ut ligula vel nunc egestas porttitor. <strong>Class aptent taciti sociosqu ad litora torquent per conubia nostra, per inceptos himenaeos</strong>. Morbi lectus risus, iaculis vel, suscipit quis, luctus non, massa.</p>\r\n<p>Fusce ac turpis quis ligula lacinia aliquet. Mauris ipsum. Nulla metus metus, ullamcorper vel, tincidunt sed, euismod in, nibh. Quisque volutpat condimentum velit. Class aptent taciti sociosqu ad litora torquent per conubia nostra, per inceptos himenaeos. Nam nec ante. Sed lacinia, urna non tincidunt mattis, tortor neque adipiscing diam, a cursus ipsum ante quis turpis. <strong>Fusce ac turpis quis ligula lacinia aliquet</strong>. Nulla facilisi. Ut fringilla. Suspendisse potenti. Nunc feugiat mi a tellus consequat imperdiet. Vestibulum sapien. Proin quam. Etiam ultrices.</p>\r\n<p>Suspendisse in justo eu magna luctus suscipit. Sed lectus. Integer euismod lacus luctus magna. <strong>Ut fringilla</strong>. Quisque cursus, metus vitae pharetra auctor, sem massa mattis sem, at interdum magna augue eget diam. Vestibulum ante ipsum primis in faucibus orci luctus et ultrices posuere cubilia Curae; Morbi lacinia molestie dui. <strong>Ut fringilla</strong>. Praesent blandit dolor. Sed non quam. In vel mi sit amet augue congue elementum. Morbi in ipsum sit amet pede facilisis laoreet. Donec lacus nunc, viverra nec, blandit vel, egestas et, augue. Vestibulum tincidunt malesuada tellus. Ut ultrices ultrices enim.</p>\r\n<p><strong>Quisque cursus, metus vitae pharetra auctor, sem massa mattis sem, at interdum magna augue eget diam</strong>. Curabitur sit amet mauris. Morbi in dui quis est pulvinar ullamcorper. Nulla facilisi. Integer lacinia sollicitudin massa. Cras metus. Sed aliquet risus a tortor. Integer id quam. Morbi mi. Quisque nisl felis, venenatis tristique, dignissim in, ultrices sit amet, augue. <strong>Curabitur sit amet mauris</strong>. Proin sodales libero eget ante. Nulla quam. Aenean laoreet. Vestibulum nisi lectus, commodo ac, facilisis ac, ultricies eu, pede. Ut orci risus, accumsan porttitor, cursus quis, aliquet eget, justo.</p>');
/*!40000 ALTER TABLE `pages` ENABLE KEYS */;
UNLOCK TABLES;

--
-- Table structure for table `password_resets`
--

DROP TABLE IF EXISTS `password_resets`;
/*!40101 SET @saved_cs_client     = @@character_set_client */;
/*!40101 SET character_set_client = utf8 */;
CREATE TABLE `password_resets` (
  `email` varchar(191) COLLATE utf8mb4_unicode_ci NOT NULL,
  `token` varchar(191) COLLATE utf8mb4_unicode_ci NOT NULL,
  `created_at` timestamp NULL DEFAULT NULL,
  KEY `password_resets_email_index` (`email`)
) ENGINE=InnoDB DEFAULT CHARSET=utf8mb4 COLLATE=utf8mb4_unicode_ci;
/*!40101 SET character_set_client = @saved_cs_client */;

--
-- Dumping data for table `password_resets`
--

LOCK TABLES `password_resets` WRITE;
/*!40000 ALTER TABLE `password_resets` DISABLE KEYS */;
/*!40000 ALTER TABLE `password_resets` ENABLE KEYS */;
UNLOCK TABLES;

--
-- Table structure for table `permission_role`
--

DROP TABLE IF EXISTS `permission_role`;
/*!40101 SET @saved_cs_client     = @@character_set_client */;
/*!40101 SET character_set_client = utf8 */;
CREATE TABLE `permission_role` (
  `permission_id` int(10) unsigned NOT NULL,
  `role_id` int(10) unsigned NOT NULL,
  PRIMARY KEY (`permission_id`,`role_id`),
  KEY `permission_role_permission_id_index` (`permission_id`),
  KEY `permission_role_role_id_index` (`role_id`),
  CONSTRAINT `permission_role_permission_id_foreign` FOREIGN KEY (`permission_id`) REFERENCES `permissions` (`id`) ON DELETE CASCADE,
  CONSTRAINT `permission_role_role_id_foreign` FOREIGN KEY (`role_id`) REFERENCES `roles` (`id`) ON DELETE CASCADE
) ENGINE=InnoDB DEFAULT CHARSET=utf8mb4 COLLATE=utf8mb4_unicode_ci;
/*!40101 SET character_set_client = @saved_cs_client */;

--
-- Dumping data for table `permission_role`
--

LOCK TABLES `permission_role` WRITE;
/*!40000 ALTER TABLE `permission_role` DISABLE KEYS */;
INSERT INTO `permission_role` VALUES (1,1),(1,3),(2,1),(3,1),(4,1),(4,3),(5,1),(6,1),(6,3),(7,1),(7,3),(8,1),(8,3),(9,1),(9,3),(10,1),(10,3),(11,1),(12,1),(13,1),(14,1),(15,1),(16,1),(16,3),(17,1),(17,3),(18,1),(19,1),(20,1),(21,1),(21,3),(22,1),(22,3),(23,1),(23,3),(24,1),(25,1),(26,1),(26,2),(26,3),(27,1),(27,2),(27,3),(28,1),(28,3),(29,1),(29,3),(30,1),(30,3),(31,1),(31,2),(31,3),(32,1),(32,2),(32,3),(33,1),(33,3),(34,1),(34,3),(35,1),(35,3),(42,1),(42,2),(42,3),(43,1),(43,2),(43,3),(44,1),(44,3),(45,1),(45,3),(46,1),(46,3),(47,1),(47,2),(47,3),(48,1),(48,2),(48,3),(49,1),(49,3),(50,1),(50,3),(51,1),(51,3),(52,1),(52,2),(53,1),(53,2),(54,1),(55,1),(56,1),(57,1),(57,2),(58,1),(58,2),(59,1),(60,1),(61,1);
/*!40000 ALTER TABLE `permission_role` ENABLE KEYS */;
UNLOCK TABLES;

--
-- Table structure for table `permissions`
--

DROP TABLE IF EXISTS `permissions`;
/*!40101 SET @saved_cs_client     = @@character_set_client */;
/*!40101 SET character_set_client = utf8 */;
CREATE TABLE `permissions` (
  `id` int(10) unsigned NOT NULL AUTO_INCREMENT,
  `key` varchar(191) COLLATE utf8mb4_unicode_ci NOT NULL,
  `table_name` varchar(191) COLLATE utf8mb4_unicode_ci DEFAULT NULL,
  `created_at` timestamp NULL DEFAULT NULL,
  `updated_at` timestamp NULL DEFAULT NULL,
  PRIMARY KEY (`id`),
  KEY `permissions_key_index` (`key`)
) ENGINE=InnoDB AUTO_INCREMENT=62 DEFAULT CHARSET=utf8mb4 COLLATE=utf8mb4_unicode_ci;
/*!40101 SET character_set_client = @saved_cs_client */;

--
-- Dumping data for table `permissions`
--

LOCK TABLES `permissions` WRITE;
/*!40000 ALTER TABLE `permissions` DISABLE KEYS */;
INSERT INTO `permissions` VALUES (1,'browse_admin',NULL,'2018-06-05 06:46:24','2018-06-05 06:46:24'),(2,'browse_bread',NULL,'2018-06-05 06:46:24','2018-06-05 06:46:24'),(3,'browse_database',NULL,'2018-06-05 06:46:24','2018-06-05 06:46:24'),(4,'browse_media',NULL,'2018-06-05 06:46:24','2018-06-05 06:46:24'),(5,'browse_compass',NULL,'2018-06-05 06:46:24','2018-06-05 06:46:24'),(6,'browse_menus','menus','2018-06-05 06:46:24','2018-06-05 06:46:24'),(7,'read_menus','menus','2018-06-05 06:46:24','2018-06-05 06:46:24'),(8,'edit_menus','menus','2018-06-05 06:46:24','2018-06-05 06:46:24'),(9,'add_menus','menus','2018-06-05 06:46:24','2018-06-05 06:46:24'),(10,'delete_menus','menus','2018-06-05 06:46:24','2018-06-05 06:46:24'),(11,'browse_roles','roles','2018-06-05 06:46:24','2018-06-05 06:46:24'),(12,'read_roles','roles','2018-06-05 06:46:24','2018-06-05 06:46:24'),(13,'edit_roles','roles','2018-06-05 06:46:24','2018-06-05 06:46:24'),(14,'add_roles','roles','2018-06-05 06:46:24','2018-06-05 06:46:24'),(15,'delete_roles','roles','2018-06-05 06:46:24','2018-06-05 06:46:24'),(16,'browse_users','users','2018-06-05 06:46:24','2018-06-05 06:46:24'),(17,'read_users','users','2018-06-05 06:46:24','2018-06-05 06:46:24'),(18,'edit_users','users','2018-06-05 06:46:24','2018-06-05 06:46:24'),(19,'add_users','users','2018-06-05 06:46:24','2018-06-05 06:46:24'),(20,'delete_users','users','2018-06-05 06:46:24','2018-06-05 06:46:24'),(21,'browse_settings','settings','2018-06-05 06:46:24','2018-06-05 06:46:24'),(22,'read_settings','settings','2018-06-05 06:46:24','2018-06-05 06:46:24'),(23,'edit_settings','settings','2018-06-05 06:46:24','2018-06-05 06:46:24'),(24,'add_settings','settings','2018-06-05 06:46:24','2018-06-05 06:46:24'),(25,'delete_settings','settings','2018-06-05 06:46:24','2018-06-05 06:46:24'),(26,'browse_categories','categories','2018-06-05 06:46:24','2018-06-05 06:46:24'),(27,'read_categories','categories','2018-06-05 06:46:24','2018-06-05 06:46:24'),(28,'edit_categories','categories','2018-06-05 06:46:24','2018-06-05 06:46:24'),(29,'add_categories','categories','2018-06-05 06:46:24','2018-06-05 06:46:24'),(30,'delete_categories','categories','2018-06-05 06:46:24','2018-06-05 06:46:24'),(31,'browse_posts','posts','2018-06-05 06:46:25','2018-06-05 06:46:25'),(32,'read_posts','posts','2018-06-05 06:46:25','2018-06-05 06:46:25'),(33,'edit_posts','posts','2018-06-05 06:46:25','2018-06-05 06:46:25'),(34,'add_posts','posts','2018-06-05 06:46:25','2018-06-05 06:46:25'),(35,'delete_posts','posts','2018-06-05 06:46:25','2018-06-05 06:46:25'),(41,'browse_hooks',NULL,'2018-06-05 06:46:25','2018-06-05 06:46:25'),(42,'browse_pages','pages','2018-06-07 03:57:33','2018-06-07 03:57:33'),(43,'read_pages','pages','2018-06-07 03:57:33','2018-06-07 03:57:33'),(44,'edit_pages','pages','2018-06-07 03:57:33','2018-06-07 03:57:33'),(45,'add_pages','pages','2018-06-07 03:57:33','2018-06-07 03:57:33'),(46,'delete_pages','pages','2018-06-07 03:57:33','2018-06-07 03:57:33'),(47,'browse_news','news','2018-06-08 05:57:48','2018-06-08 05:57:48'),(48,'read_news','news','2018-06-08 05:57:48','2018-06-08 05:57:48'),(49,'edit_news','news','2018-06-08 05:57:48','2018-06-08 05:57:48'),(50,'add_news','news','2018-06-08 05:57:48','2018-06-08 05:57:48'),(51,'delete_news','news','2018-06-08 05:57:48','2018-06-08 05:57:48'),(52,'browse_tutorials','tutorials','2018-06-09 06:31:05','2018-06-09 06:31:05'),(53,'read_tutorials','tutorials','2018-06-09 06:31:05','2018-06-09 06:31:05'),(54,'edit_tutorials','tutorials','2018-06-09 06:31:05','2018-06-09 06:31:05'),(55,'add_tutorials','tutorials','2018-06-09 06:31:05','2018-06-09 06:31:05'),(56,'delete_tutorials','tutorials','2018-06-09 06:31:05','2018-06-09 06:31:05'),(57,'browse_guides','guides','2018-06-09 19:54:54','2018-06-09 19:54:54'),(58,'read_guides','guides','2018-06-09 19:54:54','2018-06-09 19:54:54'),(59,'edit_guides','guides','2018-06-09 19:54:54','2018-06-09 19:54:54'),(60,'add_guides','guides','2018-06-09 19:54:54','2018-06-09 19:54:54'),(61,'delete_guides','guides','2018-06-09 19:54:54','2018-06-09 19:54:54');
/*!40000 ALTER TABLE `permissions` ENABLE KEYS */;
UNLOCK TABLES;

--
-- Table structure for table `posts`
--

DROP TABLE IF EXISTS `posts`;
/*!40101 SET @saved_cs_client     = @@character_set_client */;
/*!40101 SET character_set_client = utf8 */;
CREATE TABLE `posts` (
  `id` int(10) unsigned NOT NULL AUTO_INCREMENT,
  `author_id` int(11) NOT NULL,
  `category_id` int(11) DEFAULT NULL,
  `title` varchar(191) COLLATE utf8mb4_unicode_ci NOT NULL,
  `seo_title` varchar(191) COLLATE utf8mb4_unicode_ci DEFAULT NULL,
  `excerpt` text COLLATE utf8mb4_unicode_ci DEFAULT NULL,
  `body` text COLLATE utf8mb4_unicode_ci NOT NULL,
  `image` varchar(191) COLLATE utf8mb4_unicode_ci DEFAULT NULL,
  `slug` varchar(191) COLLATE utf8mb4_unicode_ci NOT NULL,
  `meta_description` text COLLATE utf8mb4_unicode_ci DEFAULT NULL,
  `meta_keywords` text COLLATE utf8mb4_unicode_ci DEFAULT NULL,
  `status` varchar(255) COLLATE utf8mb4_unicode_ci NOT NULL,
  `featured` tinyint(1) NOT NULL DEFAULT 0,
  `created_at` timestamp NULL DEFAULT NULL,
  `updated_at` timestamp NULL DEFAULT NULL,
  PRIMARY KEY (`id`),
  UNIQUE KEY `posts_slug_unique` (`slug`)
) ENGINE=InnoDB AUTO_INCREMENT=5 DEFAULT CHARSET=utf8mb4 COLLATE=utf8mb4_unicode_ci;
/*!40101 SET character_set_client = @saved_cs_client */;

--
-- Dumping data for table `posts`
--

LOCK TABLES `posts` WRITE;
/*!40000 ALTER TABLE `posts` DISABLE KEYS */;
INSERT INTO `posts` VALUES (1,0,NULL,'Lorem Ipsum Post',NULL,'This is the excerpt for the Lorem Ipsum Post','<p>This is the body of the lorem ipsum post</p>','posts/post1.jpg','lorem-ipsum-post','This is the meta description','keyword1, keyword2, keyword3','PUBLISHED',0,'2018-06-05 06:46:25','2018-06-05 06:46:25'),(2,0,NULL,'My Sample Post',NULL,'This is the excerpt for the sample Post','<p>This is the body for the sample post, which includes the body.</p>\n                <h2>We can use all kinds of format!</h2>\n                <p>And include a bunch of other stuff.</p>','posts/post2.jpg','my-sample-post','Meta Description for sample post','keyword1, keyword2, keyword3','PUBLISHED',0,'2018-06-05 06:46:25','2018-06-05 06:46:25'),(3,0,NULL,'Latest Post',NULL,'This is the excerpt for the latest post','<p>This is the body for the latest post</p>','posts/post3.jpg','latest-post','This is the meta description','keyword1, keyword2, keyword3','PUBLISHED',0,'2018-06-05 06:46:25','2018-06-05 06:46:25'),(4,0,NULL,'Yarr Post',NULL,'Reef sails nipperkin bring a spring upon her cable coffer jury mast spike marooned Pieces of Eight poop deck pillage. Clipper driver coxswain galleon hempen halter come about pressgang gangplank boatswain swing the lead. Nipperkin yard skysail swab lanyard Blimey bilge water ho quarter Buccaneer.','<p>Swab deadlights Buccaneer fire ship square-rigged dance the hempen jig weigh anchor cackle fruit grog furl. Crack Jennys tea cup chase guns pressgang hearties spirits hogshead Gold Road six pounders fathom measured fer yer chains. Main sheet provost come about trysail barkadeer crimp scuttle mizzenmast brig plunder.</p>\n<p>Mizzen league keelhaul galleon tender cog chase Barbary Coast doubloon crack Jennys tea cup. Blow the man down lugsail fire ship pinnace cackle fruit line warp Admiral of the Black strike colors doubloon. Tackle Jack Ketch come about crimp rum draft scuppers run a shot across the bow haul wind maroon.</p>\n<p>Interloper heave down list driver pressgang holystone scuppers tackle scallywag bilged on her anchor. Jack Tar interloper draught grapple mizzenmast hulk knave cable transom hogshead. Gaff pillage to go on account grog aft chase guns piracy yardarm knave clap of thunder.</p>','posts/post4.jpg','yarr-post','this be a meta descript','keyword1, keyword2, keyword3','PUBLISHED',0,'2018-06-05 06:46:25','2018-06-05 06:46:25');
/*!40000 ALTER TABLE `posts` ENABLE KEYS */;
UNLOCK TABLES;

--
-- Table structure for table `roles`
--

DROP TABLE IF EXISTS `roles`;
/*!40101 SET @saved_cs_client     = @@character_set_client */;
/*!40101 SET character_set_client = utf8 */;
CREATE TABLE `roles` (
  `id` int(10) unsigned NOT NULL AUTO_INCREMENT,
  `name` varchar(191) COLLATE utf8mb4_unicode_ci NOT NULL,
  `display_name` varchar(191) COLLATE utf8mb4_unicode_ci NOT NULL,
  `created_at` timestamp NULL DEFAULT NULL,
  `updated_at` timestamp NULL DEFAULT NULL,
  PRIMARY KEY (`id`),
  UNIQUE KEY `roles_name_unique` (`name`)
) ENGINE=InnoDB AUTO_INCREMENT=4 DEFAULT CHARSET=utf8mb4 COLLATE=utf8mb4_unicode_ci;
/*!40101 SET character_set_client = @saved_cs_client */;

--
-- Dumping data for table `roles`
--

LOCK TABLES `roles` WRITE;
/*!40000 ALTER TABLE `roles` DISABLE KEYS */;
INSERT INTO `roles` VALUES (1,'admin','Administrator','2018-06-05 06:46:24','2018-06-05 06:46:24'),(2,'user','Normal User','2018-06-05 06:46:24','2018-06-05 06:46:24'),(3,'content editor','Content Editor','2018-06-08 06:05:13','2018-06-08 06:05:13');
/*!40000 ALTER TABLE `roles` ENABLE KEYS */;
UNLOCK TABLES;

--
-- Table structure for table `settings`
--

DROP TABLE IF EXISTS `settings`;
/*!40101 SET @saved_cs_client     = @@character_set_client */;
/*!40101 SET character_set_client = utf8 */;
CREATE TABLE `settings` (
  `id` int(10) unsigned NOT NULL AUTO_INCREMENT,
  `key` varchar(191) COLLATE utf8mb4_unicode_ci NOT NULL,
  `display_name` varchar(191) COLLATE utf8mb4_unicode_ci NOT NULL,
  `value` text COLLATE utf8mb4_unicode_ci DEFAULT NULL,
  `details` text COLLATE utf8mb4_unicode_ci DEFAULT NULL,
  `type` varchar(191) COLLATE utf8mb4_unicode_ci NOT NULL,
  `order` int(11) NOT NULL DEFAULT 1,
  `group` varchar(191) COLLATE utf8mb4_unicode_ci DEFAULT NULL,
  PRIMARY KEY (`id`),
  UNIQUE KEY `settings_key_unique` (`key`)
) ENGINE=InnoDB AUTO_INCREMENT=11 DEFAULT CHARSET=utf8mb4 COLLATE=utf8mb4_unicode_ci;
/*!40101 SET character_set_client = @saved_cs_client */;

--
-- Dumping data for table `settings`
--

LOCK TABLES `settings` WRITE;
/*!40000 ALTER TABLE `settings` DISABLE KEYS */;
INSERT INTO `settings` VALUES (1,'site.title','Site Title','TutsHub','','text',1,'Site'),(2,'site.description','Site Description','Site Description','','text',2,'Site'),(3,'site.logo','Site Logo','','','image',3,'Site'),(4,'site.google_analytics_tracking_id','Google Analytics Tracking ID',NULL,'','text',4,'Site'),(5,'admin.bg_image','Admin Background Image','settings\\June2018\\sWZpXMSZsmm8D1oyA6wy.jpg','','image',5,'Admin'),(6,'admin.title','Admin Title','TutsHub','','text',1,'Admin'),(7,'admin.description','Admin Description','Welcome to Voyager. The Missing Admin for Laravel','','text',2,'Admin'),(8,'admin.loader','Admin Loader','','','image',3,'Admin'),(9,'admin.icon_image','Admin Icon Image','','','image',4,'Admin'),(10,'admin.google_analytics_client_id','Google Analytics Client ID (used for admin dashboard)',NULL,'','text',1,'Admin');
/*!40000 ALTER TABLE `settings` ENABLE KEYS */;
UNLOCK TABLES;

--
-- Table structure for table `translations`
--

DROP TABLE IF EXISTS `translations`;
/*!40101 SET @saved_cs_client     = @@character_set_client */;
/*!40101 SET character_set_client = utf8 */;
CREATE TABLE `translations` (
  `id` int(10) unsigned NOT NULL AUTO_INCREMENT,
  `table_name` varchar(191) COLLATE utf8mb4_unicode_ci NOT NULL,
  `column_name` varchar(191) COLLATE utf8mb4_unicode_ci NOT NULL,
  `foreign_key` int(10) unsigned NOT NULL,
  `locale` varchar(191) COLLATE utf8mb4_unicode_ci NOT NULL,
  `value` text COLLATE utf8mb4_unicode_ci NOT NULL,
  `created_at` timestamp NULL DEFAULT NULL,
  `updated_at` timestamp NULL DEFAULT NULL,
  PRIMARY KEY (`id`),
  UNIQUE KEY `translations_table_name_column_name_foreign_key_locale_unique` (`table_name`,`column_name`,`foreign_key`,`locale`)
) ENGINE=InnoDB AUTO_INCREMENT=31 DEFAULT CHARSET=utf8mb4 COLLATE=utf8mb4_unicode_ci;
/*!40101 SET character_set_client = @saved_cs_client */;

--
-- Dumping data for table `translations`
--

LOCK TABLES `translations` WRITE;
/*!40000 ALTER TABLE `translations` DISABLE KEYS */;
INSERT INTO `translations` VALUES (1,'data_types','display_name_singular',5,'pt','Post','2018-06-05 06:46:25','2018-06-05 06:46:25'),(2,'data_types','display_name_singular',6,'pt','Pgina','2018-06-05 06:46:25','2018-06-05 06:46:25'),(3,'data_types','display_name_singular',1,'pt','Utilizador','2018-06-05 06:46:25','2018-06-05 06:46:25'),(4,'data_types','display_name_singular',4,'pt','Categoria','2018-06-05 06:46:25','2018-06-05 06:46:25'),(5,'data_types','display_name_singular',2,'pt','Menu','2018-06-05 06:46:25','2018-06-05 06:46:25'),(6,'data_types','display_name_singular',3,'pt','Funo','2018-06-05 06:46:25','2018-06-05 06:46:25'),(7,'data_types','display_name_plural',5,'pt','Posts','2018-06-05 06:46:25','2018-06-05 06:46:25'),(8,'data_types','display_name_plural',6,'pt','Pginas','2018-06-05 06:46:25','2018-06-05 06:46:25'),(9,'data_types','display_name_plural',1,'pt','Utilizadores','2018-06-05 06:46:25','2018-06-05 06:46:25'),(10,'data_types','display_name_plural',4,'pt','Categorias','2018-06-05 06:46:25','2018-06-05 06:46:25'),(11,'data_types','display_name_plural',2,'pt','Menus','2018-06-05 06:46:25','2018-06-05 06:46:25'),(12,'data_types','display_name_plural',3,'pt','Funes','2018-06-05 06:46:25','2018-06-05 06:46:25'),(13,'categories','slug',1,'pt','categoria-1','2018-06-05 06:46:25','2018-06-05 06:46:25'),(14,'categories','name',1,'pt','Categoria 1','2018-06-05 06:46:25','2018-06-05 06:46:25'),(15,'categories','slug',2,'pt','categoria-2','2018-06-05 06:46:25','2018-06-05 06:46:25'),(16,'categories','name',2,'pt','Categoria 2','2018-06-05 06:46:25','2018-06-05 06:46:25'),(17,'pages','title',1,'pt','Ol Mundo','2018-06-05 06:46:25','2018-06-05 06:46:25'),(18,'pages','slug',1,'pt','ola-mundo','2018-06-05 06:46:25','2018-06-05 06:46:25'),(19,'pages','body',1,'pt','<p>Ol Mundo. Scallywag grog swab Cat o\'nine tails scuttle rigging hardtack cable nipper Yellow Jack. Handsomely spirits knave lad killick landlubber or just lubber deadlights chantey pinnace crack Jennys tea cup. Provost long clothes black spot Yellow Jack bilged on her anchor league lateen sail case shot lee tackle.</p>\r\n<p>Ballast spirits fluke topmast me quarterdeck schooner landlubber or just lubber gabion belaying pin. Pinnace stern galleon starboard warp carouser to go on account dance the hempen jig jolly boat measured fer yer chains. Man-of-war fire in the hole nipperkin handsomely doubloon barkadeer Brethren of the Coast gibbet driver squiffy.</p>','2018-06-05 06:46:25','2018-06-05 06:46:25'),(20,'menu_items','title',1,'pt','Painel de Controle','2018-06-05 06:46:25','2018-06-05 06:46:25'),(21,'menu_items','title',2,'pt','Media','2018-06-05 06:46:25','2018-06-05 06:46:25'),(22,'menu_items','title',12,'pt','Publicaes','2018-06-05 06:46:25','2018-06-05 06:46:25'),(23,'menu_items','title',3,'pt','Utilizadores','2018-06-05 06:46:25','2018-06-05 06:46:25'),(24,'menu_items','title',11,'pt','Categorias','2018-06-05 06:46:25','2018-06-05 06:46:25'),(25,'menu_items','title',13,'pt','Pginas','2018-06-05 06:46:25','2018-06-05 06:46:25'),(26,'menu_items','title',4,'pt','Funes','2018-06-05 06:46:25','2018-06-05 06:46:25'),(27,'menu_items','title',5,'pt','Ferramentas','2018-06-05 06:46:25','2018-06-05 06:46:25'),(28,'menu_items','title',6,'pt','Menus','2018-06-05 06:46:25','2018-06-05 06:46:25'),(29,'menu_items','title',7,'pt','Base de dados','2018-06-05 06:46:25','2018-06-05 06:46:25'),(30,'menu_items','title',10,'pt','Configuraes','2018-06-05 06:46:25','2018-06-05 06:46:25');
/*!40000 ALTER TABLE `translations` ENABLE KEYS */;
UNLOCK TABLES;

--
-- Table structure for table `tutorial_category`
--

DROP TABLE IF EXISTS `tutorial_category`;
/*!40101 SET @saved_cs_client     = @@character_set_client */;
/*!40101 SET character_set_client = utf8 */;
CREATE TABLE `tutorial_category` (
  `tutorial_id` int(10) unsigned NOT NULL,
  `category_id` int(10) unsigned NOT NULL,
  KEY `tutorial_category_category_id_` (`category_id`)
) ENGINE=InnoDB DEFAULT CHARSET=utf8 COLLATE=utf8_unicode_ci;
/*!40101 SET character_set_client = @saved_cs_client */;

--
-- Dumping data for table `tutorial_category`
--

LOCK TABLES `tutorial_category` WRITE;
/*!40000 ALTER TABLE `tutorial_category` DISABLE KEYS */;
INSERT INTO `tutorial_category` VALUES (1,3),(2,3),(3,3),(4,3);
/*!40000 ALTER TABLE `tutorial_category` ENABLE KEYS */;
UNLOCK TABLES;

--
-- Table structure for table `tutorials`
--

DROP TABLE IF EXISTS `tutorials`;
/*!40101 SET @saved_cs_client     = @@character_set_client */;
/*!40101 SET character_set_client = utf8 */;
CREATE TABLE `tutorials` (
  `id` int(10) unsigned NOT NULL AUTO_INCREMENT,
  `title` varchar(191) COLLATE utf8_unicode_ci NOT NULL,
  `slug` varchar(191) COLLATE utf8_unicode_ci NOT NULL,
  `overview` mediumtext COLLATE utf8_unicode_ci DEFAULT NULL,
  `content` longtext COLLATE utf8_unicode_ci DEFAULT NULL,
  `meta_title` varchar(191) COLLATE utf8_unicode_ci DEFAULT NULL,
  `meta_description` mediumtext COLLATE utf8_unicode_ci DEFAULT NULL,
  `status` varchar(255) COLLATE utf8_unicode_ci DEFAULT NULL,
  `author_id` int(10) unsigned DEFAULT NULL,
  `created_at` timestamp NULL DEFAULT NULL,
  `updated_at` timestamp NULL DEFAULT NULL,
  `total_likes` int(11) DEFAULT 0,
  `guide_id` int(10) unsigned DEFAULT NULL,
  `image` varchar(255) COLLATE utf8_unicode_ci DEFAULT NULL,
  `published_date` timestamp NULL DEFAULT NULL,
  `guide_order` int(11) DEFAULT NULL,
  `excerpt` mediumtext COLLATE utf8_unicode_ci DEFAULT NULL,
  PRIMARY KEY (`id`)
) ENGINE=InnoDB AUTO_INCREMENT=5 DEFAULT CHARSET=utf8 COLLATE=utf8_unicode_ci;
/*!40101 SET character_set_client = @saved_cs_client */;

--
-- Dumping data for table `tutorials`
--

LOCK TABLES `tutorials` WRITE;
/*!40000 ALTER TABLE `tutorials` DISABLE KEYS */;
INSERT INTO `tutorials` VALUES (1,'React: Components','react-components','<h1>Overview</h1>\r\n<ul>\r\n<li>Item 1</li>\r\n<li>Item 2</li>\r\n<li>Item 3</li>\r\n</ul>','<p style=\"margin: 0px 0px 15px; padding: 0px; text-align: justify; color: #000000; font-family: \'Open Sans\', Arial, sans-serif;\">Lorem ipsum dolor sit amet, consectetur adipiscing elit. Pellentesque ultricies augue vel quam ullamcorper, eu ultrices nulla scelerisque. Integer diam ex, accumsan non finibus et, luctus eget purus. Etiam mollis elit purus, vel volutpat orci facilisis eu. Vivamus ultricies imperdiet erat vel feugiat. Proin volutpat metus ut neque facilisis, vel molestie diam tempor. Morbi lectus ipsum, maximus quis tempor in, dapibus eget orci. Donec a lectus sagittis, molestie urna a, maximus nunc. Ut commodo imperdiet mi tempor sollicitudin. Aenean cursus urna vel lorem sodales, auctor gravida lectus interdum.</p>\r\n<p style=\"margin: 0px 0px 15px; padding: 0px; text-align: justify; color: #000000; font-family: \'Open Sans\', Arial, sans-serif;\">Phasellus lobortis a nisi eget fringilla. Nunc sed quam hendrerit lorem viverra consequat vel sed mauris. Maecenas nec ante eu dui commodo hendrerit a vitae massa. Suspendisse lacinia faucibus elementum. Maecenas bibendum mauris velit. Sed sed laoreet urna. Suspendisse cursus, nulla tempor pharetra tristique, ligula arcu varius nunc, id ultricies lacus urna eget enim.</p>\r\n<p style=\"margin: 0px 0px 15px; padding: 0px; text-align: justify; color: #000000; font-family: \'Open Sans\', Arial, sans-serif;\">Integer est mauris, facilisis nec tempor quis, porta non quam. Curabitur id nisi ac mi feugiat viverra. Vivamus malesuada elit pellentesque, pharetra magna a, cursus diam. Suspendisse in dolor eu justo finibus ornare. Sed auctor eleifend mi, in accumsan ligula maximus varius. Mauris ipsum risus, fermentum vitae magna quis, rhoncus porta ante. Proin quis fermentum risus.</p>\r\n<p style=\"margin: 0px 0px 15px; padding: 0px; text-align: justify; color: #000000; font-family: \'Open Sans\', Arial, sans-serif;\">Integer ac tortor semper, porta mi sed, facilisis felis. Sed nec rutrum dolor, id convallis purus. Nullam tempor, nunc at tincidunt lobortis, enim diam sagittis dui, a ullamcorper magna nulla eu lorem. Quisque feugiat mattis feugiat. Curabitur ut elit ut velit viverra volutpat. Curabitur rhoncus feugiat lectus, non auctor tortor aliquet vel. Nullam augue dui, efficitur ut sodales et, auctor a lorem.</p>\r\n<p style=\"margin: 0px 0px 15px; padding: 0px; text-align: justify; color: #000000; font-family: \'Open Sans\', Arial, sans-serif;\">Integer non mauris bibendum tortor sollicitudin consectetur. Duis pellentesque mi et velit dignissim, eget vestibulum ligula interdum. Morbi sed metus lobortis, rutrum est id, euismod tellus. Mauris elit lectus, fringilla id auctor non, hendrerit id dolor. Proin ut condimentum libero. Nullam pretium, est quis ullamcorper dictum, arcu urna iaculis sem, sit amet blandit urna erat in nisi. Maecenas finibus congue nunc, vel pharetra nibh auctor sed. Sed molestie, turpis non congue feugiat, mi velit dapibus turpis, non iaculis orci lorem a dolor. Vestibulum ante ipsum primis in faucibus orci luctus et ultrices posuere cubilia Curae; In sit amet ligula ornare sapien ornare posuere. Sed placerat cursus mauris ut suscipit. Phasellus molestie urna in lorem dictum facilisis. Nullam venenatis dui eget turpis posuere tristique. Vivamus elit nunc, dignissim eu elit in, blandit feugiat erat. Ut ac aliquet velit.</p>\r\n<p style=\"margin: 0px 0px 15px; padding: 0px; text-align: justify; color: #000000; font-family: \'Open Sans\', Arial, sans-serif;\">Lorem ipsum dolor sit amet, consectetur adipiscing elit. Pellentesque ultricies augue vel quam ullamcorper, eu ultrices nulla scelerisque. Integer diam ex, accumsan non finibus et, luctus eget purus. Etiam mollis elit purus, vel volutpat orci facilisis eu. Vivamus ultricies imperdiet erat vel feugiat. Proin volutpat metus ut neque facilisis, vel molestie diam tempor. Morbi lectus ipsum, maximus quis tempor in, dapibus eget orci. Donec a lectus sagittis, molestie urna a, maximus nunc. Ut commodo imperdiet mi tempor sollicitudin. Aenean cursus urna vel lorem sodales, auctor gravida lectus interdum.</p>\r\n<p style=\"margin: 0px 0px 15px; padding: 0px; text-align: justify; color: #000000; font-family: \'Open Sans\', Arial, sans-serif;\">Phasellus lobortis a nisi eget fringilla. Nunc sed quam hendrerit lorem viverra consequat vel sed mauris. Maecenas nec ante eu dui commodo hendrerit a vitae massa. Suspendisse lacinia faucibus elementum. Maecenas bibendum mauris velit. Sed sed laoreet urna. Suspendisse cursus, nulla tempor pharetra tristique, ligula arcu varius nunc, id ultricies lacus urna eget enim.</p>\r\n<p style=\"margin: 0px 0px 15px; padding: 0px; text-align: justify; color: #000000; font-family: \'Open Sans\', Arial, sans-serif;\">Integer est mauris, facilisis nec tempor quis, porta non quam. Curabitur id nisi ac mi feugiat viverra. Vivamus malesuada elit pellentesque, pharetra magna a, cursus diam. Suspendisse in dolor eu justo finibus ornare. Sed auctor eleifend mi, in accumsan ligula maximus varius. Mauris ipsum risus, fermentum vitae magna quis, rhoncus porta ante. Proin quis fermentum risus.</p>\r\n<p style=\"margin: 0px 0px 15px; padding: 0px; text-align: justify; color: #000000; font-family: \'Open Sans\', Arial, sans-serif;\">Integer ac tortor semper, porta mi sed, facilisis felis. Sed nec rutrum dolor, id convallis purus. Nullam tempor, nunc at tincidunt lobortis, enim diam sagittis dui, a ullamcorper magna nulla eu lorem. Quisque feugiat mattis feugiat. Curabitur ut elit ut velit viverra volutpat. Curabitur rhoncus feugiat lectus, non auctor tortor aliquet vel. Nullam augue dui, efficitur ut sodales et, auctor a lorem.</p>\r\n<p style=\"margin: 0px 0px 15px; padding: 0px; text-align: justify; color: #000000; font-family: \'Open Sans\', Arial, sans-serif;\">Integer non mauris bibendum tortor sollicitudin consectetur. Duis pellentesque mi et velit dignissim, eget vestibulum ligula interdum. Morbi sed metus lobortis, rutrum est id, euismod tellus. Mauris elit lectus, fringilla id auctor non, hendrerit id dolor. Proin ut condimentum libero. Nullam pretium, est quis ullamcorper dictum, arcu urna iaculis sem, sit amet blandit urna erat in nisi. Maecenas finibus congue nunc, vel pharetra nibh auctor sed. Sed molestie, turpis non congue feugiat, mi velit dapibus turpis, non iaculis orci lorem a dolor. Vestibulum ante ipsum primis in faucibus orci luctus et ultrices posuere cubilia Curae; In sit amet ligula ornare sapien ornare posuere. Sed placerat cursus mauris ut suscipit. Phasellus molestie urna in lorem dictum facilisis. Nullam venenatis dui eget turpis posuere tristique. Vivamus elit nunc, dignissim eu elit in, blandit feugiat erat. Ut ac aliquet velit.</p>\r\n<p style=\"margin: 0px 0px 15px; padding: 0px; text-align: justify; color: #000000; font-family: \'Open Sans\', Arial, sans-serif;\">Lorem ipsum dolor sit amet, consectetur adipiscing elit. Pellentesque ultricies augue vel quam ullamcorper, eu ultrices nulla scelerisque. Integer diam ex, accumsan non finibus et, luctus eget purus. Etiam mollis elit purus, vel volutpat orci facilisis eu. Vivamus ultricies imperdiet erat vel feugiat. Proin volutpat metus ut neque facilisis, vel molestie diam tempor. Morbi lectus ipsum, maximus quis tempor in, dapibus eget orci. Donec a lectus sagittis, molestie urna a, maximus nunc. Ut commodo imperdiet mi tempor sollicitudin. Aenean cursus urna vel lorem sodales, auctor gravida lectus interdum.</p>\r\n<p style=\"margin: 0px 0px 15px; padding: 0px; text-align: justify; color: #000000; font-family: \'Open Sans\', Arial, sans-serif;\">Phasellus lobortis a nisi eget fringilla. Nunc sed quam hendrerit lorem viverra consequat vel sed mauris. Maecenas nec ante eu dui commodo hendrerit a vitae massa. Suspendisse lacinia faucibus elementum. Maecenas bibendum mauris velit. Sed sed laoreet urna. Suspendisse cursus, nulla tempor pharetra tristique, ligula arcu varius nunc, id ultricies lacus urna eget enim.</p>\r\n<p style=\"margin: 0px 0px 15px; padding: 0px; text-align: justify; color: #000000; font-family: \'Open Sans\', Arial, sans-serif;\">Integer est mauris, facilisis nec tempor quis, porta non quam. Curabitur id nisi ac mi feugiat viverra. Vivamus malesuada elit pellentesque, pharetra magna a, cursus diam. Suspendisse in dolor eu justo finibus ornare. Sed auctor eleifend mi, in accumsan ligula maximus varius. Mauris ipsum risus, fermentum vitae magna quis, rhoncus porta ante. Proin quis fermentum risus.</p>\r\n<p style=\"margin: 0px 0px 15px; padding: 0px; text-align: justify; color: #000000; font-family: \'Open Sans\', Arial, sans-serif;\">Integer ac tortor semper, porta mi sed, facilisis felis. Sed nec rutrum dolor, id convallis purus. Nullam tempor, nunc at tincidunt lobortis, enim diam sagittis dui, a ullamcorper magna nulla eu lorem. Quisque feugiat mattis feugiat. Curabitur ut elit ut velit viverra volutpat. Curabitur rhoncus feugiat lectus, non auctor tortor aliquet vel. Nullam augue dui, efficitur ut sodales et, auctor a lorem.</p>\r\n<p style=\"margin: 0px 0px 15px; padding: 0px; text-align: justify; color: #000000; font-family: \'Open Sans\', Arial, sans-serif;\">Integer non mauris bibendum tortor sollicitudin consectetur. Duis pellentesque mi et velit dignissim, eget vestibulum ligula interdum. Morbi sed metus lobortis, rutrum est id, euismod tellus. Mauris elit lectus, fringilla id auctor non, hendrerit id dolor. Proin ut condimentum libero. Nullam pretium, est quis ullamcorper dictum, arcu urna iaculis sem, sit amet blandit urna erat in nisi. Maecenas finibus congue nunc, vel pharetra nibh auctor sed. Sed molestie, turpis non congue feugiat, mi velit dapibus turpis, non iaculis orci lorem a dolor. Vestibulum ante ipsum primis in faucibus orci luctus et ultrices posuere cubilia Curae; In sit amet ligula ornare sapien ornare posuere. Sed placerat cursus mauris ut suscipit. Phasellus molestie urna in lorem dictum facilisis. Nullam venenatis dui eget turpis posuere tristique. Vivamus elit nunc, dignissim eu elit in, blandit feugiat erat. Ut ac aliquet velit.</p>','React for Beginners','<p><span style=\"color: #000000; font-family: \'Open Sans\', Arial, sans-serif; text-align: justify;\">Integer ac tortor semper, porta mi sed, facilisis felis. Sed nec rutrum dolor, id convallis purus. Nullam tempor, nunc at tincidunt lobortis, enim diam sagittis dui, a ullamcorper magna nulla eu lorem. Quisque feugiat mattis feugiat. Curabitur ut elit ut velit viverra volutpat. Curabitur rhoncus feugiat lectus, non auctor tortor aliquet vel. Nullam augue dui, efficitur ut sodales et, auctor a lorem.</span></p>','PUBLISHED',3,'2018-06-09 06:43:00','2018-06-30 18:52:25',0,1,'tutorials\\June2018\\Ul7uAo8whG3x9oDYBFoe.png','2018-06-09 06:43:00',1,'Lorem ipsum dolor sit amet, consectetur adipiscing elit. Pellentesque ultricies augue vel quam ullamcorper, eu ultrices nulla scelerisque. Integer diam ex, accumsan non finibus et, luctus eget purus. Etiam mollis elit purus, vel volutpat orci facilisis eu. Vivamus ultricies imperdiet erat vel feugiat.'),(2,'React: Prop Time','react-prop-time','<p style=\"box-sizing: border-box; margin: 0px 0px 24px; background-image: initial; background-position: initial; background-size: initial; background-repeat: initial; background-attachment: initial; background-origin: initial; background-clip: initial; border: 0px; padding: 0px; vertical-align: baseline; color: #333333; font-family: Georgia, \'Bitstream Charter\', serif; font-size: 16px;\">Bacon ipsum dolor amet ut short ribs capicola eiusmod, do duis ipsum ea tenderloin bresaola hamburger burgdoggen culpa cupidatat. Drumstick officia anim cupidatat commodo swine. Aliquip short loin nisi aliqua salami pariatur. Duis shankle non pork belly jowl bresaola brisket consectetur. Deserunt aliqua boudin cow mollit capicola pork chop et do turkey. Flank sausage anim beef.</p>\r\n<p style=\"box-sizing: border-box; margin: 0px 0px 24px; background-image: initial; background-position: initial; background-size: initial; background-repeat: initial; background-attachment: initial; background-origin: initial; background-clip: initial; border: 0px; padding: 0px; vertical-align: baseline; color: #333333; font-family: Georgia, \'Bitstream Charter\', serif; font-size: 16px;\">What we\'re going to be doing</p>\r\n<ul>\r\n<li style=\"box-sizing: border-box; margin: 0px 0px 24px; background-image: initial; background-position: initial; background-size: initial; background-repeat: initial; background-attachment: initial; background-origin: initial; background-clip: initial; border: 0px; padding: 0px; vertical-align: baseline; color: #333333; font-family: Georgia, \'Bitstream Charter\', serif; font-size: 16px;\">Link 1</li>\r\n<li style=\"box-sizing: border-box; margin: 0px 0px 24px; background-image: initial; background-position: initial; background-size: initial; background-repeat: initial; background-attachment: initial; background-origin: initial; background-clip: initial; border: 0px; padding: 0px; vertical-align: baseline; color: #333333; font-family: Georgia, \'Bitstream Charter\', serif; font-size: 16px;\">Link 2</li>\r\n<li style=\"box-sizing: border-box; margin: 0px 0px 24px; background-image: initial; background-position: initial; background-size: initial; background-repeat: initial; background-attachment: initial; background-origin: initial; background-clip: initial; border: 0px; padding: 0px; vertical-align: baseline; color: #333333; font-family: Georgia, \'Bitstream Charter\', serif; font-size: 16px;\">Link 3</li>\r\n<li style=\"box-sizing: border-box; margin: 0px 0px 24px; background-image: initial; background-position: initial; background-size: initial; background-repeat: initial; background-attachment: initial; background-origin: initial; background-clip: initial; border: 0px; padding: 0px; vertical-align: baseline; color: #333333; font-family: Georgia, \'Bitstream Charter\', serif; font-size: 16px;\">Link 4</li>\r\n</ul>','<p style=\"box-sizing: border-box; margin: 0px 0px 24px; background-image: initial; background-position: initial; background-size: initial; background-repeat: initial; background-attachment: initial; background-origin: initial; background-clip: initial; border: 0px; padding: 0px; vertical-align: baseline; color: #333333; font-family: Georgia, \'Bitstream Charter\', serif; font-size: 16px;\">Bacon ipsum dolor amet ut short ribs capicola eiusmod, do duis ipsum ea tenderloin bresaola hamburger burgdoggen culpa cupidatat. Drumstick officia anim cupidatat commodo swine. Aliquip short loin nisi aliqua salami pariatur. Duis shankle non pork belly jowl bresaola brisket consectetur. Deserunt aliqua boudin cow mollit capicola pork chop et do turkey. Flank sausage anim beef.</p>\r\n<p style=\"box-sizing: border-box; margin: 0px 0px 24px; background-image: initial; background-position: initial; background-size: initial; background-repeat: initial; background-attachment: initial; background-origin: initial; background-clip: initial; border: 0px; padding: 0px; vertical-align: baseline; color: #333333; font-family: Georgia, \'Bitstream Charter\', serif; font-size: 16px;\">Sed picanha in ea kielbasa deserunt non doner reprehenderit ham fugiat dolore ground round ball tip. Filet mignon burgdoggen ribeye, mollit shank pork belly nostrud landjaeger eu ea incididunt minim tri-tip t-bone. Id salami pork belly, labore sirloin nulla consequat jerky pork loin boudin officia tenderloin ipsum. Tongue do enim anim pork chop, boudin occaecat eu aute.</p>\r\n<p style=\"box-sizing: border-box; margin: 0px 0px 24px; background-image: initial; background-position: initial; background-size: initial; background-repeat: initial; background-attachment: initial; background-origin: initial; background-clip: initial; border: 0px; padding: 0px; vertical-align: baseline; color: #333333; font-family: Georgia, \'Bitstream Charter\', serif; font-size: 16px;\">Quis laborum nostrud landjaeger flank ipsum est biltong. Veniam filet mignon officia prosciutto consectetur flank, proident pork loin in meatloaf ipsum venison aliqua tri-tip short ribs. Alcatra pastrami ea ut ipsum eiusmod t-bone veniam. Chuck est deserunt, t-bone jowl leberkas ham pastrami ham hock. Chuck bresaola enim, mollit magna incididunt swine brisket ground round. Bresaola pork chop turkey, tongue pig qui ut shank eiusmod.</p>\r\n<p style=\"box-sizing: border-box; margin: 0px 0px 24px; background-image: initial; background-position: initial; background-size: initial; background-repeat: initial; background-attachment: initial; background-origin: initial; background-clip: initial; border: 0px; padding: 0px; vertical-align: baseline; color: #333333; font-family: Georgia, \'Bitstream Charter\', serif; font-size: 16px;\">Beef ut frankfurter, aliqua dolore in ea. Spare ribs rump excepteur tempor, beef in anim swine pig shoulder. Kielbasa ham capicola leberkas sed nulla elit. Shankle pastrami elit aute meatloaf flank dolore turkey ea. Veniam dolore pig, ex sirloin filet mignon bresaola alcatra spare ribs non eu short ribs sint ullamco mollit. Culpa tri-tip shoulder ex shankle est ball tip laborum sirloin excepteur fatback bresaola beef ribs labore. T-bone qui turducken, magna eiusmod aliqua fatback brisket pork loin dolore swine chicken veniam.</p>\r\n<p style=\"box-sizing: border-box; margin: 0px 0px 24px; background-image: initial; background-position: initial; background-size: initial; background-repeat: initial; background-attachment: initial; background-origin: initial; background-clip: initial; border: 0px; padding: 0px; vertical-align: baseline; color: #333333; font-family: Georgia, \'Bitstream Charter\', serif; font-size: 16px;\">Doner ut sed boudin, tenderloin chicken pork in. Corned beef aliquip prosciutto voluptate consequat biltong. Anim minim mollit short ribs picanha beef ribs. Occaecat meatball frankfurter deserunt ipsum. Hamburger shoulder quis alcatra irure venison enim andouille id prosciutto sint voluptate proident. Officia pancetta doner excepteur venison capicola culpa pork loin nulla qui. Rump adipisicing short ribs sunt boudin ipsum tenderloin pork belly officia sirloin cillum.</p>\r\n<p style=\"box-sizing: border-box; margin: 0px 0px 24px; background-image: initial; background-position: initial; background-size: initial; background-repeat: initial; background-attachment: initial; background-origin: initial; background-clip: initial; border: 0px; padding: 0px; vertical-align: baseline; color: #333333; font-family: Georgia, \'Bitstream Charter\', serif; font-size: 16px;\">Ham cillum tenderloin picanha. Occaecat magna laboris, meatball esse boudin id sirloin biltong mollit turducken non deserunt picanha ad. Duis tenderloin corned beef cupidatat esse venison t-bone capicola. Turkey corned beef occaecat voluptate ex flank salami in nulla alcatra cupim tenderloin sunt.</p>','React: Prop Time','<p><span style=\"color: #333333; font-family: Georgia, \'Bitstream Charter\', serif; font-size: 16px;\">Ham cillum tenderloin picanha. Occaecat magna laboris, meatball esse boudin id sirloin biltong mollit turducken non deserunt picanha ad. Duis tenderloin corned beef cupidatat esse venison t-bone capicola. Turkey corned beef occaecat voluptate ex flank salami in nulla alcatra cupim tenderloin sunt.</span></p>','PUBLISHED',3,'2018-06-09 20:15:00','2018-06-30 18:52:07',0,1,'tutorials\\June2018\\lurDV12sSProgWYQ7LF4.png','2018-06-09 20:15:00',2,'Bacon ipsum dolor amet ut short ribs capicola eiusmod, do duis ipsum ea tenderloin bresaola hamburger burgdoggen culpa cupidatat. Drumstick officia anim cupidatat commodo swine. Aliquip short loin nisi aliqua salami pariatur.'),(3,'React: Controlled Inputs','react-controlled-inputs','<p><span style=\"color: #333333; font-family: Georgia, \'Bitstream Charter\', serif; font-size: 16px;\">Ham cillum tenderloin picanha. Occaecat magna laboris, meatball esse boudin id sirloin biltong mollit turducken non deserunt picanha ad. Duis tenderloin corned beef cupidatat esse venison t-bone capicola. Turkey corned beef occaecat voluptate ex flank salami in nulla alcatra cupim tenderloin sunt.</span></p>\r\n<ul>\r\n<li><span style=\"color: #333333; font-family: Georgia, \'Bitstream Charter\', serif; font-size: 16px;\">Point 1</span></li>\r\n<li><span style=\"color: #333333; font-family: Georgia, \'Bitstream Charter\', serif; font-size: 16px;\">Point 2</span></li>\r\n<li><span style=\"color: #333333; font-family: Georgia, \'Bitstream Charter\', serif; font-size: 16px;\">Point 3</span></li>\r\n</ul>','<p><span style=\"color: #333333;\">Bacon ipsum dolor amet ut short ribs capicola eiusmod, do duis ipsum ea tenderloin bresaola hamburger burgdoggen culpa cupidatat. Drumstick officia anim cupidatat commodo swine. Aliquip short loin nisi aliqua salami pariatur. Duis shankle non pork belly jowl bresaola brisket consectetur. Deserunt aliqua boudin cow mollit capicola pork chop et do turkey. Flank sausage anim beef.</span></p>\r\n<p><span style=\"color: #333333;\">Sed picanha in ea kielbasa deserunt non doner reprehenderit ham fugiat dolore ground round ball tip. Filet mignon burgdoggen ribeye, mollit shank pork belly nostrud landjaeger eu ea incididunt minim tri-tip t-bone. Id salami pork belly, labore sirloin nulla consequat jerky pork loin boudin officia tenderloin ipsum. Tongue do enim anim pork chop, boudin occaecat eu aute.</span></p>\r\n<p><span style=\"color: #333333;\">Quis laborum nostrud landjaeger flank ipsum est biltong. Veniam filet mignon officia prosciutto consectetur flank, proident pork loin in meatloaf ipsum venison aliqua tri-tip short ribs. Alcatra pastrami ea ut ipsum eiusmod t-bone veniam. Chuck est deserunt, t-bone jowl leberkas ham pastrami ham hock. Chuck bresaola enim, mollit magna incididunt swine brisket ground round. Bresaola pork chop turkey, tongue pig qui ut shank eiusmod.</span></p>\r\n<p><span style=\"color: #333333;\">Beef ut frankfurter, aliqua dolore in ea. Spare ribs rump excepteur tempor, beef in anim swine pig shoulder. Kielbasa ham capicola leberkas sed nulla elit. Shankle pastrami elit aute meatloaf flank dolore turkey ea. Veniam dolore pig, ex sirloin filet mignon bresaola alcatra spare ribs non eu short ribs sint ullamco mollit. Culpa tri-tip shoulder ex shankle est ball tip laborum sirloin excepteur fatback bresaola beef ribs labore. T-bone qui turducken, magna eiusmod aliqua fatback brisket pork loin dolore swine chicken veniam.</span></p>\r\n<p><span style=\"color: #333333;\">Doner ut sed boudin, tenderloin chicken pork in. Corned beef aliquip prosciutto voluptate consequat biltong. Anim minim mollit short ribs picanha beef ribs. Occaecat meatball frankfurter deserunt ipsum. Hamburger shoulder quis alcatra irure venison enim andouille id prosciutto sint voluptate proident. Officia pancetta doner excepteur venison capicola culpa pork loin nulla qui. Rump adipisicing short ribs sunt boudin ipsum tenderloin pork belly officia sirloin cillum.</span></p>\r\n<p><span style=\"color: #333333;\">Ham cillum tenderloin picanha. Occaecat magna laboris, meatball esse boudin id sirloin biltong mollit turducken non deserunt picanha ad. Duis tenderloin corned beef cupidatat esse venison t-bone capicola. Turkey corned beef occaecat voluptate ex flank salami in nulla alcatra cupim tenderloin sunt.</span></p>','React: Controller Inputs','<p>Ham cillum tenderloin picanha. Occaecat magna laboris, meatball esse boudin id sirloin biltong mollit turducken non deserunt picanha ad. Duis tenderloin corned beef cupidatat esse venison t-bone capicola. Turkey corned beef occaecat voluptate ex flank salami in nulla alcatra cupim tenderloin sunt.</p>','PUBLISHED',3,'2018-06-09 20:16:00','2018-06-30 18:51:24',0,1,'tutorials\\June2018\\YkRlPNUpmvSlWJDKVB0G.png','2018-06-09 20:16:00',3,'Bacon ipsum dolor amet ut short ribs capicola eiusmod, do duis ipsum ea tenderloin bresaola hamburger burgdoggen culpa cupidatat. Drumstick officia anim cupidatat commodo swine. Aliquip short loin nisi aliqua salami pariatur. Duis shankle non pork belly jowl bresaola brisket consectetur'),(4,'React: JSX','react-jsx','<p>This is the overview</p>\r\n<ul>\r\n<li>Topic 1</li>\r\n<li>Topic 2</li>\r\n<li>Topic 3</li>\r\n</ul>','<p style=\"box-sizing: border-box; margin: 0px 0px 24px; background-image: initial; background-position: initial; background-size: initial; background-repeat: initial; background-attachment: initial; background-origin: initial; background-clip: initial; border: 0px; padding: 0px; vertical-align: baseline; color: #333333; font-family: Georgia, \'Bitstream Charter\', serif; font-size: 16px;\">Bacon ipsum dolor amet venison frankfurter cupim, buffalo salami meatball ham landjaeger pastrami leberkas jowl shank t-bone short ribs ground round. Burgdoggen turkey pancetta shankle tenderloin, cupim jerky ham beef ribs hamburger salami frankfurter. Ribeye pork belly jerky ball tip frankfurter, cupim beef andouille drumstick jowl biltong pig doner alcatra. Alcatra beef pork loin hamburger drumstick, picanha buffalo sausage sirloin. Rump prosciutto burgdoggen beef ribs cupim, cow salami.</p>\r\n<p style=\"box-sizing: border-box; margin: 0px 0px 24px; background-image: initial; background-position: initial; background-size: initial; background-repeat: initial; background-attachment: initial; background-origin: initial; background-clip: initial; border: 0px; padding: 0px; vertical-align: baseline; color: #333333; font-family: Georgia, \'Bitstream Charter\', serif; font-size: 16px;\">Flank hamburger pork belly turkey jowl buffalo capicola, pancetta ball tip shankle shoulder pork pork chop chicken. Swine pork turkey tri-tip doner, rump corned beef ground round biltong venison chuck pig. Ball tip ribeye chicken, salami pancetta jerky shank filet mignon picanha chuck beef ribs ham hock. Andouille shank t-bone, picanha bacon pancetta chuck flank landjaeger turkey meatball.</p>\r\n<p style=\"box-sizing: border-box; margin: 0px 0px 24px; background-image: initial; background-position: initial; background-size: initial; background-repeat: initial; background-attachment: initial; background-origin: initial; background-clip: initial; border: 0px; padding: 0px; vertical-align: baseline; color: #333333; font-family: Georgia, \'Bitstream Charter\', serif; font-size: 16px;\">Fatback capicola ground round pastrami sausage, porchetta short ribs landjaeger buffalo kevin beef ribs brisket. Picanha landjaeger meatball cow, flank meatloaf shank ribeye bacon pork belly pork loin boudin leberkas alcatra sausage. Rump cupim kielbasa strip steak tail prosciutto ribeye short ribs capicola. Picanha leberkas swine, drumstick pastrami short loin ham hock corned beef biltong buffalo pancetta venison filet mignon fatback. Pig corned beef boudin alcatra andouille burgdoggen capicola flank. Pork loin bacon meatball, swine sirloin tail spare ribs brisket beef ribs sausage ball tip pork. Swine shankle shank kevin filet mignon biltong ball tip buffalo ham hock andouille pancetta tail brisket prosciutto meatloaf.</p>\r\n<p style=\"box-sizing: border-box; margin: 0px 0px 24px; background-image: initial; background-position: initial; background-size: initial; background-repeat: initial; background-attachment: initial; background-origin: initial; background-clip: initial; border: 0px; padding: 0px; vertical-align: baseline; color: #333333; font-family: Georgia, \'Bitstream Charter\', serif; font-size: 16px;\">Alcatra shankle doner corned beef biltong strip steak sirloin turkey jowl rump flank t-bone pig cow. Leberkas beef chicken, rump meatball strip steak pastrami swine tri-tip ham hock shank pork belly. Meatball short ribs flank t-bone swine filet mignon biltong tri-tip. Pig sirloin swine salami ribeye prosciutto brisket. Hamburger pork picanha ground round shoulder beef alcatra meatloaf chuck tail pork chop beef ribs. Pancetta beef ribs tongue, picanha tenderloin sausage hamburger andouille frankfurter turducken drumstick short loin. Bacon porchetta tri-tip cow meatball kevin alcatra.</p>\r\n<p style=\"box-sizing: border-box; margin: 0px 0px 24px; background-image: initial; background-position: initial; background-size: initial; background-repeat: initial; background-attachment: initial; background-origin: initial; background-clip: initial; border: 0px; padding: 0px; vertical-align: baseline; color: #333333; font-family: Georgia, \'Bitstream Charter\', serif; font-size: 16px;\">Ribeye beef jowl meatloaf chicken pork belly, cupim swine fatback. Strip steak chicken pork chop tenderloin, sausage shoulder alcatra biltong turkey ball tip ground round pork. Ball tip hamburger frankfurter brisket burgdoggen pancetta shank kielbasa landjaeger jerky shoulder bacon tongue. Hamburger picanha bresaola sausage kevin swine, shoulder flank pork loin turkey frankfurter tri-tip salami capicola.</p>','React: JSX','<p style=\"box-sizing: border-box; margin: 0px 0px 24px; background-image: initial; background-position: initial; background-size: initial; background-repeat: initial; background-attachment: initial; background-origin: initial; background-clip: initial; border: 0px; padding: 0px; vertical-align: baseline; color: #333333; font-family: Georgia, \'Bitstream Charter\', serif; font-size: 16px;\">Bacon ipsum dolor amet venison frankfurter cupim, buffalo salami meatball ham landjaeger pastrami leberkas jowl shank t-bone short ribs ground round. Burgdoggen turkey pancetta shankle tenderloin, cupim jerky ham beef ribs hamburger salami frankfurter. Ribeye pork belly jerky ball tip frankfurter, cupim beef andouille drumstick jowl biltong pig doner alcatra. Alcatra beef pork loin hamburger drumstick, picanha buffalo sausage sirloin. Rump prosciutto burgdoggen beef ribs cupim, cow salami.</p>','PUBLISHED',3,'2018-06-10 06:40:00','2018-06-30 18:51:09',0,NULL,'tutorials\\June2018\\J77y5C4DWxdHDU1JZQsJ.png','2018-06-10 06:40:00',NULL,'Bacon ipsum dolor amet venison frankfurter cupim, buffalo salami meatball ham landjaeger pastrami leberkas jowl shank t-bone short ribs ground round. Burgdoggen turkey pancetta shankle tenderloin, cupim jerky ham beef ribs hamburger salami frankfurter. Ribeye pork belly jerky ball tip frankfurter, cupim beef andouille drumstick jowl biltong pig doner alcatra.');
/*!40000 ALTER TABLE `tutorials` ENABLE KEYS */;
UNLOCK TABLES;

--
-- Table structure for table `user_roles`
--

DROP TABLE IF EXISTS `user_roles`;
/*!40101 SET @saved_cs_client     = @@character_set_client */;
/*!40101 SET character_set_client = utf8 */;
CREATE TABLE `user_roles` (
  `user_id` int(10) unsigned NOT NULL,
  `role_id` int(10) unsigned NOT NULL,
  PRIMARY KEY (`user_id`,`role_id`),
  KEY `user_roles_user_id_index` (`user_id`),
  KEY `user_roles_role_id_index` (`role_id`),
  CONSTRAINT `user_roles_role_id_foreign` FOREIGN KEY (`role_id`) REFERENCES `roles` (`id`) ON DELETE CASCADE,
  CONSTRAINT `user_roles_user_id_foreign` FOREIGN KEY (`user_id`) REFERENCES `users` (`id`) ON DELETE CASCADE
) ENGINE=InnoDB DEFAULT CHARSET=utf8mb4 COLLATE=utf8mb4_unicode_ci;
/*!40101 SET character_set_client = @saved_cs_client */;

--
-- Dumping data for table `user_roles`
--

LOCK TABLES `user_roles` WRITE;
/*!40000 ALTER TABLE `user_roles` DISABLE KEYS */;
/*!40000 ALTER TABLE `user_roles` ENABLE KEYS */;
UNLOCK TABLES;

--
-- Table structure for table `users`
--

DROP TABLE IF EXISTS `users`;
/*!40101 SET @saved_cs_client     = @@character_set_client */;
/*!40101 SET character_set_client = utf8 */;
CREATE TABLE `users` (
  `id` int(10) unsigned NOT NULL AUTO_INCREMENT,
  `role_id` int(10) unsigned DEFAULT NULL,
  `name` varchar(191) COLLATE utf8mb4_unicode_ci NOT NULL,
  `email` varchar(191) COLLATE utf8mb4_unicode_ci NOT NULL,
  `avatar` varchar(191) COLLATE utf8mb4_unicode_ci DEFAULT 'users/default.png',
  `password` varchar(191) COLLATE utf8mb4_unicode_ci NOT NULL,
  `remember_token` varchar(100) COLLATE utf8mb4_unicode_ci DEFAULT NULL,
  `settings` text COLLATE utf8mb4_unicode_ci DEFAULT NULL,
  `created_at` timestamp NULL DEFAULT NULL,
  `updated_at` timestamp NULL DEFAULT NULL,
  `is_employee` tinyint(4) DEFAULT 0,
  `title` varchar(191) COLLATE utf8mb4_unicode_ci DEFAULT NULL,
  `description` mediumtext COLLATE utf8mb4_unicode_ci DEFAULT NULL,
  PRIMARY KEY (`id`),
  UNIQUE KEY `users_email_unique` (`email`),
  KEY `users_role_id_foreign` (`role_id`),
  CONSTRAINT `users_role_id_foreign` FOREIGN KEY (`role_id`) REFERENCES `roles` (`id`)
) ENGINE=InnoDB AUTO_INCREMENT=55 DEFAULT CHARSET=utf8mb4 COLLATE=utf8mb4_unicode_ci;
/*!40101 SET character_set_client = @saved_cs_client */;

--
-- Dumping data for table `users`
--

LOCK TABLES `users` WRITE;
/*!40000 ALTER TABLE `users` DISABLE KEYS */;
INSERT INTO `users` VALUES (1,1,'Admin','admin@admin.com','users/default.png','$2y$10$G51N3yLehQPAjdBYSFwmP.tZ2EkE5F8dswB/EaKsYneHGxqnKEX0u','V0smCUTkWjGZsxayx3MPQseA5VCibLwo6ZuuGrupGTpt7hAXfXQ4wHqNtZhS',NULL,'2018-06-05 06:46:25','2018-06-05 06:46:25',0,NULL,NULL),(3,3,'Scottie Walsh','swalsh@email.com','users\\June2018\\RnaONGgzd4HdLbG0GtCM.jpg','$2y$10$bMUmv/nR0b7GTwZlOSu/PuV.z81bj.h41X1PVzDe3xlP/2piC9Fmu','iJuQVVoU6zmVjXMNq60ZCymY6PU8MXOguIKMdvqP3CvI0zpmlUX99Le2t0Zs','{\"locale\":\"en\"}','2018-06-08 06:07:28','2018-06-08 06:16:49',0,NULL,NULL),(4,3,'Katelyn Mayer','kmayer@gmail.com','users\\June2018\\ERkI2O0caeVv1pGs4A6E.png','$2y$10$gKjbqI3ClRXq/acdtICMf.JsUTWbt.l76KkbLLltgWAcWtZrQd0kC',NULL,'{\"locale\":\"en\"}','2018-06-08 06:17:51','2018-06-08 06:17:51',0,NULL,NULL),(5,2,'Jarret Daugherty','pmarks@example.net','users/default.png','$2y$10$ouz/gIisk3bEaL4N7Jpmcul9KXkyOjCeKouMf.DVeXePF8ncS5322','3RTgdtouaHISI2qbONOpIeDUpqEUuxRSZCEccJQ8TTcpUlnCY73ZudmQMHK4',NULL,'2018-06-16 21:39:35','2018-06-16 21:39:35',0,NULL,NULL),(6,3,'Virginie Kulas','bergnaum.bettie@example.com','users/default.png','$2y$10$VYxIyI2fbd1NyKEuBCPLwe.7q.weonwuJUshTZPPP03.iq/O/2rL.','olOj80c0Qbjket5Tf3wKA6KZWQsW9Wpx5NPSCfzwtb3fg5Rv25eEcSGYimYt',NULL,'2018-06-16 21:39:35','2018-06-16 21:39:35',0,NULL,NULL),(7,3,'Drake Monahan','eleonore.connelly@example.com','users/July2018/TXtC9WoQziGHGrojUs4g.png','$2y$10$FpahEJRovPlDE54YEYiW2Oshk7B/pD.z9oqj/0wEyaOXD232NVeme','TPrhddFeBLhSFV2EJNtH1UvXpsbNZeIbp7DeeB4uxBvD5N0YMKeVxNJh8VOC',NULL,'2018-06-16 21:39:35','2018-07-08 15:04:09',1,'Directory of Marketing','<p><span style=\"color: #000000; font-family: \'Open Sans\', Arial, sans-serif; font-size: 14px; font-style: normal; font-variant-ligatures: normal; font-variant-caps: normal; font-weight: 400; letter-spacing: normal; orphans: 2; text-align: justify; text-indent: 0px; text-transform: none; white-space: normal; widows: 2; word-spacing: 0px; -webkit-text-stroke-width: 0px; background-color: #ffffff; text-decoration-style: initial; text-decoration-color: initial; display: inline !important; float: none;\">Lorem ipsum dolor sit amet, consectetur adipiscing elit. Sed non est efficitur, facilisis nulla vitae, luctus nisi. Donec egestas dictum elit, non consequat erat luctus tristique. Maecenas tempor dolor non est scelerisque egestas sed ut purus. Pellentesque habitant morbi tristique senectus et netus et malesuada fames ac turpis egestas. Fusce porttitor nunc vel eleifend consequat. Mauris neque ipsum, sollicitudin sit amet orci id, aliquet egestas massa. Nulla facilisi. Orci varius natoque penatibus et magnis dis parturient montes, nascetur ridiculus mus. Suspendisse egestas erat ut sem volutpat, nec molestie nunc lacinia. Duis tellus lacus, commodo et viverra id, tristique vel sem. Sed ullamcorper leo ac quam semper, ac interdum nibh imperdiet. Pellentesque convallis libero a dui tincidunt ullamcorper. Donec pellentesque elit nec risus placerat, at finibus neque mollis. Nunc faucibus pretium elit sit amet scelerisque. Phasellus et tellus elit.</span></p>'),(10,2,'Talia Bauch','hilll.sarai@example.org','users/default.png','$2y$10$Ozopq3zHPS5FQ7AlDYs0BOyEoDLSMyTnmzSy3ECEYz0Vk3DH9T2He','MYWj8qq9urzRH3or3E6Hpd7KP2piMXBTMqk2A05y0apVct6JBqn7pNaNG8SQ',NULL,'2018-06-16 21:39:35','2018-06-16 21:39:35',0,NULL,NULL),(12,1,'Virginie Von','bailee50@example.net','users/July2018/lVueciL5KLlrR40N7akn.png','$2y$10$zxsOwWbxx3lgf9QwE6NgXuXdXY1vLfblndl.w3zo5jYnOk03lpk5S','rRI2cwdnWhLug8dDvYqql5DJPSjdJxPBo1lSho167l4ZEMMQStSXCHqlPZCL',NULL,'2018-06-16 21:39:35','2018-07-08 15:04:29',1,'President, CEO','<p><span style=\"color: #000000; font-family: \'Open Sans\', Arial, sans-serif; font-size: 14px; font-style: normal; font-variant-ligatures: normal; font-variant-caps: normal; font-weight: 400; letter-spacing: normal; orphans: 2; text-align: justify; text-indent: 0px; text-transform: none; white-space: normal; widows: 2; word-spacing: 0px; -webkit-text-stroke-width: 0px; background-color: #ffffff; text-decoration-style: initial; text-decoration-color: initial; display: inline !important; float: none;\">Lorem ipsum dolor sit amet, consectetur adipiscing elit. Sed non est efficitur, facilisis nulla vitae, luctus nisi. Donec egestas dictum elit, non consequat erat luctus tristique. Maecenas tempor dolor non est scelerisque egestas sed ut purus. Pellentesque habitant morbi tristique senectus et netus et malesuada fames ac turpis egestas. Fusce porttitor nunc vel eleifend consequat. Mauris neque ipsum, sollicitudin sit amet orci id, aliquet egestas massa. Nulla facilisi. Orci varius natoque penatibus et magnis dis parturient montes, nascetur ridiculus mus. Suspendisse egestas erat ut sem volutpat, nec molestie nunc lacinia. Duis tellus lacus, commodo et viverra id, tristique vel sem. Sed ullamcorper leo ac quam semper, ac interdum nibh imperdiet. Pellentesque convallis libero a dui tincidunt ullamcorper. Donec pellentesque elit nec risus placerat, at finibus neque mollis. Nunc faucibus pretium elit sit amet scelerisque. Phasellus et tellus elit.</span></p>'),(13,3,'Maymie Stiedemann','frath@example.com','users/default.png','$2y$10$lOJlinTd0C6HrIrgem0h5OLIL16Q4VfYjOkzifQ3RHdTCqSBZF54q','7ywRtphYSLUgaNcil86kMBOwKSkEaAs5ZbOUriu1KygjnXhYGLEey94uLWlH',NULL,'2018-06-16 21:39:35','2018-06-16 21:39:35',0,NULL,NULL),(15,2,'Deja Gottlieb','wuckert.hardy@example.org','users/default.png','$2y$10$7TPCLDZG7EMf44oFqtBMSOv.51z7F4/eHqYQv9eFiXEEiq48ch5mm','fELGoeqGLcSqpR4br4EuGikbyV1zqW6ZdylyA3hZnHKYHaU5uvtJp7UUYxJx',NULL,'2018-06-16 21:39:35','2018-06-16 21:39:35',0,NULL,NULL),(17,3,'Jennyfer Mitchell','conroy.toney@example.com','users/default.png','$2y$10$uM/9K0otJ0bf7Y4lAXI5LeUtrNlIti8Nxay9ShAAigcmNm9hchUo.','ZVmyMulPpBCwdQakmljyKuwlWxurikNxWBaVzQdq7VHTLcpbepOlslvIVr4R',NULL,'2018-06-16 21:39:35','2018-06-16 21:39:35',0,NULL,NULL),(18,2,'Marina Padberg','kfeeney@example.net','users/default.png','$2y$10$/KfrwIwtWqSoz/a4pFMvRuYP2yct8UsuAb2W86Z0euprdA52cVDGy','VcrDWv3UxgxPQMzqGMuBcd1OhXTwCRmwSXwadeX46tIoX0uv9ozlyrsXTQ9L',NULL,'2018-06-16 21:39:35','2018-06-16 21:39:35',0,NULL,NULL),(21,3,'Laron Nicolas','maxine11@example.org','users/default.png','$2y$10$jAvBIgBB/yT5.UTBfTU/ZORUGiZGLOm3m2AAtMD9M5b06ZBJaufj6','4Dcn57D1UPiVFlE1GZIzbqPJv22F0WCVpFd7eKSAH70hFSu9P3wwgohXSwLt',NULL,'2018-06-16 21:39:35','2018-06-16 21:39:35',0,NULL,NULL),(22,2,'Annamarie Marks','dkiehn@example.org','users/default.png','$2y$10$sjGt80RmSxzIPiLKegJAxOj9iMTb/RLh9Br1/QZnKlfUia0bbgmMq','xasoym4iRWgF00vx1j0cukLHnFJwp6zHDnP93sxz0ofzUGd1Xhj024IStziu',NULL,'2018-06-16 21:39:35','2018-06-16 21:39:35',0,NULL,NULL),(25,2,'Mona Reynolds','jkautzer@example.org','users/default.png','$2y$10$P..M43OOJm4VCVxe3r4IaeQ4sLmHR/qb8zXTvy4qtltd/ur6b28oW','a9zfxPw7CTjY7tAXtpr00lHccjQ78DsYFv6pIB8a3zlS0bM4DYuxkbhduFd6',NULL,'2018-06-16 21:39:35','2018-06-16 21:39:35',0,NULL,NULL),(28,3,'Cletus Miller','xmckenzie@example.net','users/default.png','$2y$10$AwFM2eA1Ry2K86VhfIRyTeyAaTPk5joMu1yqgjXV6G41D1rSSAunC','LvIfWjGayVCawPEdkQ18KlOlsBEB9vt3df3iQ9XTfUDHqmBkihOL1IVcLhgM',NULL,'2018-06-16 21:39:35','2018-06-16 21:39:35',0,NULL,NULL),(30,2,'Kaylah Satterfield','zgoyette@example.com','users/default.png','$2y$10$ezIOgeEeQzlHVkcrW8/WF.qx94DvJ1h4LlMgsj00h4.MmmsjpWPJO','WfOjgcWrmj6iBnZ9yGQs9LzvO48v3dQWnTiFnPq4aVeJf7CEC0k0ht3Apdap',NULL,'2018-06-16 21:39:35','2018-06-16 21:39:35',0,NULL,NULL),(31,1,'Edward Gibson','bechtelar.janick@example.net','users/July2018/cK3lKqob4BTqNzqy1T11.png','$2y$10$v69LDEmU9ofxb74iti31JeGcP25APmhjepsNHkrPfQByZgSxv1K96','oPiAfW9xZwJE8uPEZHaPo9mnib6TnPQ3kDAifo7jTae9RTklVyvCvnqwPUGP',NULL,'2018-06-16 21:39:35','2018-07-08 15:05:42',1,'Developer','<p><span style=\"color: #000000; font-family: \'Open Sans\', Arial, sans-serif; font-size: 14px; font-style: normal; font-variant-ligatures: normal; font-variant-caps: normal; font-weight: 400; letter-spacing: normal; orphans: 2; text-align: justify; text-indent: 0px; text-transform: none; white-space: normal; widows: 2; word-spacing: 0px; -webkit-text-stroke-width: 0px; background-color: #ffffff; text-decoration-style: initial; text-decoration-color: initial; display: inline !important; float: none;\">Lorem ipsum dolor sit amet, consectetur adipiscing elit. Sed non est efficitur, facilisis nulla vitae, luctus nisi. Donec egestas dictum elit, non consequat erat luctus tristique. Maecenas tempor dolor non est scelerisque egestas sed ut purus. Pellentesque habitant morbi tristique senectus et netus et malesuada fames ac turpis egestas. Fusce porttitor nunc vel eleifend consequat. Mauris neque ipsum, sollicitudin sit amet orci id, aliquet egestas massa. Nulla facilisi. Orci varius natoque penatibus et magnis dis parturient montes, nascetur ridiculus mus. Suspendisse egestas erat ut sem volutpat, nec molestie nunc lacinia. Duis tellus lacus, commodo et viverra id, tristique vel sem. Sed ullamcorper leo ac quam semper, ac interdum nibh imperdiet. Pellentesque convallis libero a dui tincidunt ullamcorper. Donec pellentesque elit nec risus placerat, at finibus neque mollis. Nunc faucibus pretium elit sit amet scelerisque. Phasellus et tellus elit.</span></p>'),(32,2,'Santina Schoen','teagan73@example.org','users/default.png','$2y$10$NfFG/80cnax49wCwrn6oI.fggxbZNdAERoCUsQQan0i87ir/7GORS','SiP1hriv1LbeE2LicuKaPpqXhE4Hb4SUGZOTODq5ejSqfAfjyQfvB4KWAqMg',NULL,'2018-06-16 21:39:35','2018-06-16 21:39:35',0,NULL,NULL),(33,3,'Thelma Buckridge','cordie.rath@example.com','users/default.png','$2y$10$wZ19FEH3ggFO07pgshu9UeM7CprXFfQR1Jw2qvP8Nf9DgR6aKu.3O','IB7rrk18KpBaeiqKT9CLaNK4RHBq6Dyb7vqanF4BkFAWY2l7z7BPAqV6y07T','{\"locale\":\"en\"}','2018-06-16 21:39:35','2018-06-16 22:49:52',0,NULL,NULL),(34,3,'Dayana Bins','heidenreich.manley@example.net','users/default.png','$2y$10$udC.w/Z2AaqW5WvEdG/W8.jkxxoZxbwkyc7fKdSkglAQPMshECadK','7ZdVfOxGrbLJEDQi4wogEkVXx3bjG5I4VcDiHwkp6MWEIZH9577bY9FE2Z3V',NULL,'2018-06-16 21:39:35','2018-06-16 21:39:35',0,NULL,NULL),(36,3,'Loraine Bergstrom','shirley.gibson@example.net','users/default.png','$2y$10$AkEE1S1lG5beL13iQTXGiuZH3wV5Gg3I4HrZFe0id0SYU5RbUb0tS','pQ5uk1Wh5n51O74Fpo7R0rH6h7PFPseN6BU0DyEGLn7OMEOGGcvyx4UirXVv',NULL,'2018-06-16 21:39:35','2018-06-16 21:39:35',0,NULL,NULL),(38,2,'Gabe Rice','uroberts@example.org','users/default.png','$2y$10$5xcwT7PjyIcbaR.HeNTaCOsbXc4.Phf2SleJJ2Ycck9Dw/uZWD2zK','5jKNISWFhdPGnrpc0fmtOFCDhRQQ8JHkXZ7ll4YPIcoUfWIdQmZaurNXGSQP',NULL,'2018-06-16 21:39:35','2018-06-16 21:39:35',0,NULL,NULL),(39,2,'Dock Pollich','batz.maeve@example.com','users/default.png','$2y$10$/RablTb7s8oi3gnb7iir9OmJzjTO3XVtFggKNtPRz3UmSiM9eV6ze','GKB5DZdAXaEok29P3vTS5CNeIjEoWAcvBe5yL2t3eYS168iqDbCDBKBghDO3',NULL,'2018-06-16 21:39:35','2018-06-16 21:39:35',0,NULL,NULL),(40,3,'Francisca Becker','jaiden.oconner@example.com','users/default.png','$2y$10$t0Qu/7CnFk/mB.2qVxYNre9DTKouDyrbN/HtmZRL90QC8sgdCOpiO','XhkJmzDIfBbABhvyATsvJMNafDpfqcSzi9ZCO0QpEkEjPXQRxOEnsO6puw9a',NULL,'2018-06-16 21:39:35','2018-06-16 21:39:35',0,NULL,NULL),(43,3,'Kylie Gislason','coty45@example.net','users/default.png','$2y$10$PQoAjovs12.UPnky8ptgK.KgOY7D4ARYi6CX/gHX5Q4NVk8EgHw8K','mmu2yxDnQnkz6Tlfj05KqTUI12F84zi1VSk8JmPBbTncax87C3S2hTl1VfFU',NULL,'2018-06-16 21:39:35','2018-06-16 21:39:35',0,NULL,NULL),(45,2,'Andre Corwin','mueller.anita@example.org','users/default.png','$2y$10$I0vQVcyXmm2.mLUrdb7CdOv.z34OllD6REUdrhszAVLi2RgVISXLO','vTRjuWnE7khO6oO2eHkBWaHhlu6v9PCB1jZr8tSShkf2sbnaNXLGilXwQql6',NULL,'2018-06-16 21:39:35','2018-06-16 21:39:35',0,NULL,NULL),(49,3,'Quincy Lang','hailey.kozey@example.com','users/default.png','$2y$10$kTzv7oCtAaPlS8VHKKYXK.hGnDX8MC34.09G0a7pWgNo7y9G0hQma','bp589jP2EDQ4H2TBoCAwsF5b4EXWef3GgaxmQcu8XtSmYHAytffBbtxipS5d',NULL,'2018-06-16 21:39:35','2018-06-16 21:39:35',0,NULL,NULL),(51,3,'Vallie Trantow','deckow.dashawn@example.net','users/default.png','$2y$10$3zIOFuxHyqZOZrDHGM2OmOYOlAhINgwwRq0H2YH1xz2V3zHkFsbVq','S7LE3367PZVJR7EsIRJUZUxYIWf5Q5SMC9myAOakxsRSeis0C30IO6QZIzd3',NULL,'2018-06-16 21:39:35','2018-06-16 21:39:35',0,NULL,NULL),(54,3,'Shanny Runolfsdottir','kulas.sterling@example.net','users/default.png','$2y$10$unmQaLEZPfoIXGZYPIsjie5Bi1VCwQWa4xyc9pPIyptXmO54RWu0W','bR9uLfMKeMrfGv2YaoRk40dazy77aXr8JEwEMRdYHs0eMhMatqxu3bqNsmlE',NULL,'2018-06-16 21:39:35','2018-06-16 21:39:35',0,NULL,NULL);
/*!40000 ALTER TABLE `users` ENABLE KEYS */;
UNLOCK TABLES;
/*!40103 SET TIME_ZONE=@OLD_TIME_ZONE */;

/*!40101 SET SQL_MODE=@OLD_SQL_MODE */;
/*!40014 SET FOREIGN_KEY_CHECKS=@OLD_FOREIGN_KEY_CHECKS */;
/*!40014 SET UNIQUE_CHECKS=@OLD_UNIQUE_CHECKS */;
/*!40101 SET CHARACTER_SET_CLIENT=@OLD_CHARACTER_SET_CLIENT */;
/*!40101 SET CHARACTER_SET_RESULTS=@OLD_CHARACTER_SET_RESULTS */;
/*!40101 SET COLLATION_CONNECTION=@OLD_COLLATION_CONNECTION */;
/*!40111 SET SQL_NOTES=@OLD_SQL_NOTES */;

-- Dump completed on 2018-07-08 15:24:56
